condition,factor,low,high,measure,effect,ci_low,ci_high,mean_at_low,mean_at_high
calm,budget_share,"(0.01, 0.04)","(0.05, 0.2)",d_network_profit,-21537.675458335878,-65582.22177063275,22506.870853960994,278770612.19904226,278749074.52358395
calm,budget_share,"(0.01, 0.04)","(0.05, 0.2)",d_network_profit_with_inventory,-20624.456843630473,-62801.471088854785,21552.557401593844,253259780.2310386,253239155.774195
calm,budget_share,"(0.01, 0.04)","(0.05, 0.2)",d_satisfaction_index,-1.3522430047120207e-07,-4.1175799493481034e-07,1.4130939399240618e-07,0.0001891197352599678,0.00018898451095949662
calm,budget_share,"(0.01, 0.04)","(0.05, 0.2)",d_fill_rate,-3.8880149231419284e-07,-1.1839005440967173e-06,4.0629755946833163e-07,0.0003336834683312424,0.00033329466683892824
calm,budget_share,"(0.01, 0.04)","(0.05, 0.2)",costs_tech,4811.458458333214,-5027.974088958206,14650.891005624635,38310965.6348125,38315777.09327083
calm,budget_share,"(0.01, 0.04)","(0.05, 0.2)",adoptions,0.020833333333333332,-0.021770833333333333,0.0634375,55.60208333333333,55.62291666666667
calm,budget_share,"(0.01, 0.04)","(0.05, 0.2)",coalitions,0.004166666666666667,-0.004354166666666665,0.012687499999999997,1.11875,1.1229166666666666
calm,budget_share,"(0.01, 0.04)","(0.05, 0.2)",mean_adopt_week,0.012979876160990738,-0.013563970588235311,0.03952372291021679,46.200272412362,46.21325228852299
calm,budget_share,"(0.01, 0.04)","(0.05, 0.2)",adopt_ml_forecast,-0.0020833333333333333,-0.006343749999999999,0.0021770833333333325,14.916666666666666,14.914583333333333
calm,budget_share,"(0.01, 0.04)","(0.05, 0.2)",adopt_control_tower,0.0020833333333333333,-0.0021770833333333325,0.006343749999999999,8.927083333333334,8.929166666666667
calm,budget_share,"(0.01, 0.04)","(0.05, 0.2)",adopt_rfid,0.0,0.0,0.0,21.779166666666665,21.779166666666665
calm,budget_share,"(0.01, 0.04)","(0.05, 0.2)",adopt_aps,0.0,0.0,0.0,0.0,0.0
calm,budget_share,"(0.01, 0.04)","(0.05, 0.2)",adopt_routing,0.0020833333333333333,-0.0021770833333333325,0.006343749999999999,5.55625,5.558333333333334
calm,budget_share,"(0.01, 0.04)","(0.05, 0.2)",adopt_wh_robotics,0.0,0.0,0.0,0.0,0.0
calm,budget_share,"(0.01, 0.04)","(0.05, 0.2)",adopt_blockchain,0.01875,-0.019593750000000004,0.05709375,4.422916666666667,4.441666666666666
calm,budget_share,"(0.01, 0.04)","(0.05, 0.2)",adopt_risk_intel,0.0,0.0,0.0,0.0,0.0
calm,budget_share,"(0.01, 0.04)","(0.05, 0.2)",formed_dyad,0.0020833333333333333,-0.0021770833333333325,0.006343749999999999,0.08125,0.08333333333333333
calm,budget_share,"(0.01, 0.04)","(0.05, 0.2)",formed_triad,0.0,0.0,0.0,0.010416666666666666,0.010416666666666666
calm,budget_share,"(0.01, 0.04)","(0.05, 0.2)",formed_chain,0.0020833333333333333,-0.0021770833333333325,0.006343749999999999,1.0270833333333333,1.0291666666666666
calm,budget_share,"(0.01, 0.04)","(0.05, 0.2)",formed_network,0.0,0.0,0.0,0.0,0.0
calm,budget_share,"(0.01, 0.04)","(0.05, 0.2)",failed_acceptance,-0.01875,-0.05709375,0.019593750000000004,92.94583333333334,92.92708333333333
calm,budget_share,"(0.01, 0.04)","(0.05, 0.2)",failed_budget,0.0,0.0,0.0,0.0,0.0
calm,horizon_weeks,"(13, 52)","(52, 156)",d_network_profit,6387481.264874872,-6732986.225869732,19507948.755619474,275566102.7288757,281953583.9937506
calm,horizon_weeks,"(13, 52)","(52, 156)",d_network_profit_with_inventory,3316969.537527561,-8479992.174250618,15113931.24930574,251590983.23385295,254907952.7713805
calm,horizon_weeks,"(13, 52)","(52, 156)",d_satisfaction_index,9.174855302899627e-05,-1.6035683473847713e-06,0.0001851006744053773,0.00014317784659523408,0.00023492639962423035
calm,horizon_weeks,"(13, 52)","(52, 156)",d_fill_rate,0.00012184951871409162,-5.5927189854287654e-05,0.0002996262272824709,0.00027256430822803954,0.0003944138269421311
calm,horizon_weeks,"(13, 52)","(52, 156)",costs_tech,15035396.886666669,13347204.615767337,16723589.157566,30795672.920708332,45831069.80737501
calm,horizon_weeks,"(13, 52)","(52, 156)",adoptions,25.975,22.461669223881565,29.48833077611844,42.625,68.6
calm,horizon_weeks,"(13, 52)","(52, 156)",coalitions,1.6083333333333334,1.3639032297233928,1.852763436943274,0.31666666666666665,1.925
calm,horizon_weeks,"(13, 52)","(52, 156)",mean_adopt_week,5.141615957092034,2.9368040398031794,7.346427874380888,43.63595437189648,48.7775703289885
calm,horizon_weeks,"(13, 52)","(52, 156)",adopt_ml_forecast,4.972916666666666,4.173677394838627,5.772155938494706,12.429166666666667,17.402083333333334
calm,horizon_weeks,"(13, 52)","(52, 156)",adopt_control_tower,10.00625,8.437585522867595,11.574914477132404,3.925,13.93125
calm,horizon_weeks,"(13, 52)","(52, 156)",adopt_rfid,0.6083333333333333,0.30371277115582535,0.9129538955108412,21.475,22.083333333333332
calm,horizon_weeks,"(13, 52)","(52, 156)",adopt_aps,0.0,0.0,0.0,0.0,0.0
calm,horizon_weeks,"(13, 52)","(52, 156)",adopt_routing,1.63125,1.371952892897537,1.890547107102463,4.741666666666666,6.372916666666667
calm,horizon_weeks,"(13, 52)","(52, 156)",adopt_wh_robotics,0.0,0.0,0.0,0.0,0.0
calm,horizon_weeks,"(13, 52)","(52, 156)",adopt_blockchain,8.75625,6.546408696502243,10.966091303497755,0.05416666666666667,8.810416666666667
calm,horizon_weeks,"(13, 52)","(52, 156)",adopt_risk_intel,0.0,0.0,0.0,0.0,0.0
calm,horizon_weeks,"(13, 52)","(52, 156)",formed_dyad,0.16458333333333333,0.09676186317317605,0.23240480349349063,0.0,0.16458333333333333
calm,horizon_weeks,"(13, 52)","(52, 156)",formed_triad,0.020833333333333332,0.003142916010323099,0.038523750656343565,0.0,0.020833333333333332
calm,horizon_weeks,"(13, 52)","(52, 156)",formed_chain,1.4229166666666666,1.1788901998525585,1.6669431334807747,0.31666666666666665,1.7395833333333333
calm,horizon_weeks,"(13, 52)","(52, 156)",formed_network,0.0,0.0,0.0,0.0,0.0
calm,horizon_weeks,"(13, 52)","(52, 156)",failed_acceptance,8.48125,2.778551475496423,14.183948524503576,88.69583333333334,97.17708333333333
calm,horizon_weeks,"(13, 52)","(52, 156)",failed_budget,0.0,0.0,0.0,0.0,0.0
calm,chain_accept_share,0.4,0.8,d_network_profit,-13938417.15595827,-23028439.848364912,-4848394.4635516275,285729051.93929225,271790634.783334
calm,chain_accept_share,0.4,0.8,d_network_profit_with_inventory,-5103173.634919961,-11022174.48548617,815827.2156462483,255801054.82007673,250697881.18515676
calm,chain_accept_share,0.4,0.8,d_satisfaction_index,-9.679211097324905e-05,-0.00014117379692242396,-5.241042502407414e-05,0.00023744817859635675,0.00014065606762310768
calm,chain_accept_share,0.4,0.8,d_fill_rate,-0.00018278586100338792,-0.0002713234448299211,-9.424827717685473e-05,0.0004248819980867793,0.00024209613708339137
calm,chain_accept_share,0.4,0.8,costs_tech,-11250230.208999999,-12076534.637027184,-10423925.780972814,43938486.46854166,32688256.25954167
calm,chain_accept_share,0.4,0.8,adoptions,-13.375,-14.907427231319254,-11.842572768680746,62.3,48.925
calm,chain_accept_share,0.4,0.8,coalitions,-1.0666666666666667,-1.1908932059324377,-0.9424401274008954,1.6541666666666666,0.5875
calm,chain_accept_share,0.4,0.8,mean_adopt_week,-0.763385207381593,-2.318664270902084,0.7918938561388977,46.588454954133276,45.8250697467517
calm,chain_accept_share,0.4,0.8,adopt_ml_forecast,-0.5729166666666666,-0.7776445576776096,-0.36818877565572367,15.202083333333333,14.629166666666666
calm,chain_accept_share,0.4,0.8,adopt_control_tower,-13.339583333333334,-14.404499731293823,-12.274666935372844,15.597916666666666,2.2583333333333333
calm,chain_accept_share,0.4,0.8,adopt_rfid,0.0,-0.056165333790760885,0.056165333790760885,21.779166666666665,21.779166666666665
calm,chain_accept_share,0.4,0.8,adopt_aps,0.0,0.0,0.0,0.0,0.0
calm,chain_accept_share,0.4,0.8,adopt_routing,-0.13958333333333334,-0.25867808177486523,-0.02048858489180143,5.627083333333333,5.4875
calm,chain_accept_share,0.4,0.8,adopt_wh_robotics,0.0,0.0,0.0,0.0,0.0
calm,chain_accept_share,0.4,0.8,adopt_blockchain,0.6770833333333334,-0.24483185087795845,1.5989985175446253,4.09375,4.770833333333333
calm,chain_accept_share,0.4,0.8,adopt_risk_intel,0.0,0.0,0.0,0.0,0.0
calm,chain_accept_share,0.4,0.8,formed_dyad,-0.06458333333333334,-0.12023930931423098,-0.008927357352435702,0.11458333333333333,0.05
calm,chain_accept_share,0.4,0.8,formed_triad,-0.020833333333333332,-0.038523750656343565,-0.003142916010323099,0.020833333333333332,0.0
calm,chain_accept_share,0.4,0.8,formed_chain,-0.98125,-1.0934384926856315,-0.8690615073143685,1.51875,0.5375
calm,chain_accept_share,0.4,0.8,formed_network,0.0,0.0,0.0,0.0,0.0
calm,chain_accept_share,0.4,0.8,failed_acceptance,46.235416666666666,42.58055923686388,49.890274096469454,69.81875,116.05416666666666
calm,chain_accept_share,0.4,0.8,failed_budget,0.0,0.0,0.0,0.0,0.0
calm,cost_split,equal,by_size,d_network_profit,2144018.762875144,-251207.3644941724,4539244.89024446,277687833.97987556,279831852.7427507
calm,cost_split,equal,by_size,d_network_profit_with_inventory,1451866.0733096758,-629202.5134631402,3532934.660082492,252523534.9659619,253975401.03927156
calm,cost_split,equal,by_size,d_satisfaction_index,1.1874981889496474e-05,9.472410543214245e-09,2.3740491368449733e-05,0.00018311463216498397,0.00019498961405448045
calm,cost_split,equal,by_size,d_fill_rate,8.489381336765587e-06,-1.2541574729732539e-05,2.9520337403263713e-05,0.00032924437691670257,0.00033773375825346815
calm,cost_split,equal,by_size,costs_tech,1694069.7719166675,1075768.9139390897,2312370.6298942454,37466336.478083335,39160406.25
calm,cost_split,equal,by_size,adoptions,4.133333333333334,3.0406026848043037,5.226063981862364,53.545833333333334,57.67916666666667
calm,cost_split,equal,by_size,coalitions,0.25833333333333336,0.17086320843893216,0.34580345822773456,0.9916666666666667,1.25
calm,cost_split,equal,by_size,mean_adopt_week,-0.2011290112450323,-1.0899126093830747,0.68765458689301,46.30732685606502,46.10619784481998
calm,cost_split,equal,by_size,adopt_ml_forecast,0.0020833333333333333,-0.12297928431911166,0.12714595098577833,14.914583333333333,14.916666666666666
calm,cost_split,equal,by_size,adopt_control_tower,2.9854166666666666,2.1318724547291303,3.838960878604203,7.435416666666667,10.420833333333333
calm,cost_split,equal,by_size,adopt_rfid,0.0,-0.027405876671791132,0.027405876671791132,21.779166666666665,21.779166666666665
calm,cost_split,equal,by_size,adopt_aps,0.0,0.0,0.0,0.0,0.0
calm,cost_split,equal,by_size,adopt_routing,-0.05625,-0.1338502612465191,0.021350261246519113,5.585416666666666,5.529166666666667
calm,cost_split,equal,by_size,adopt_wh_robotics,0.0,0.0,0.0,0.0,0.0
calm,cost_split,equal,by_size,adopt_blockchain,1.2020833333333334,0.5490500181764638,1.855116648490203,3.83125,5.033333333333333
calm,cost_split,equal,by_size,adopt_risk_intel,0.0,0.0,0.0,0.0,0.0
calm,cost_split,equal,by_size,formed_dyad,0.01875,-0.029171116930084885,0.06667111693008489,0.07291666666666667,0.09166666666666666
calm,cost_split,equal,by_size,formed_triad,0.0125,-0.006288522448298851,0.031288522448298856,0.004166666666666667,0.016666666666666666
calm,cost_split,equal,by_size,formed_chain,0.22708333333333333,0.15091586562877993,0.3032508010378867,0.9145833333333333,1.1416666666666666
calm,cost_split,equal,by_size,formed_network,0.0,0.0,0.0,0.0,0.0
calm,cost_split,equal,by_size,failed_acceptance,-6.10625,-8.31051702961098,-3.9019829703890205,95.98958333333333,89.88333333333334
calm,cost_split,equal,by_size,failed_budget,0.0,0.0,0.0,0.0,0.0
calm,max_new_per_quarter,1,2,d_network_profit,25117204.86695814,-6837264.286244974,57071674.020161256,266201240.92783406,291318445.7947922
calm,max_new_per_quarter,1,2,d_network_profit_with_inventory,23126616.036781598,-7849338.070080716,54102570.143643916,241686159.98422593,264812776.02100754
calm,max_new_per_quarter,1,2,d_satisfaction_index,9.239630590724112e-05,2.303572591458063e-05,0.0001617568858999016,0.00014285397015611166,0.0002352502760633528
calm,max_new_per_quarter,1,2,d_fill_rate,0.00015059082165936946,1.816514199132728e-05,0.00028301650132741163,0.0002581936567554006,0.0004087844784147701
calm,max_new_per_quarter,1,2,costs_tech,11344155.212166663,10298199.26983267,12390111.154500656,32641293.757958334,43985448.970125
calm,max_new_per_quarter,1,2,adoptions,11.95,9.836525316756841,14.063474683243157,49.6375,61.5875
calm,max_new_per_quarter,1,2,coalitions,0.8833333333333333,0.6919102655269429,1.0747564011397237,0.6791666666666667,1.5625
calm,max_new_per_quarter,1,2,mean_adopt_week,-9.182386636224154,-10.849988834801536,-7.514784437646772,50.79795566855457,41.61556903233041
calm,max_new_per_quarter,1,2,adopt_ml_forecast,2.7645833333333334,1.9385863201176285,3.5905803465490385,13.533333333333333,16.297916666666666
calm,max_new_per_quarter,1,2,adopt_control_tower,8.214583333333334,7.088410477305873,9.340756189360794,4.820833333333334,13.035416666666666
calm,max_new_per_quarter,1,2,adopt_rfid,-0.10833333333333334,-0.37055282243465737,0.1538861557679907,21.833333333333332,21.725
calm,max_new_per_quarter,1,2,adopt_aps,0.0,0.0,0.0,0.0,0.0
calm,max_new_per_quarter,1,2,adopt_routing,0.42291666666666666,0.06655156323481343,0.77928177009852,5.345833333333333,5.76875
calm,max_new_per_quarter,1,2,adopt_wh_robotics,0.0,0.0,0.0,0.0,0.0
calm,max_new_per_quarter,1,2,adopt_blockchain,0.65625,-0.7458860489977341,2.0583860489977344,4.104166666666667,4.760416666666667
calm,max_new_per_quarter,1,2,adopt_risk_intel,0.0,0.0,0.0,0.0,0.0
calm,max_new_per_quarter,1,2,formed_dyad,0.05625,-0.013715544600923939,0.12621554460092393,0.05416666666666667,0.11041666666666666
calm,max_new_per_quarter,1,2,formed_triad,0.004166666666666667,-0.015147510280700636,0.023480843614033967,0.008333333333333333,0.0125
calm,max_new_per_quarter,1,2,formed_chain,0.8229166666666666,0.6440333920079772,1.001799941325356,0.6166666666666667,1.4395833333333334
calm,max_new_per_quarter,1,2,formed_network,0.0,0.0,0.0,0.0,0.0
calm,max_new_per_quarter,1,2,failed_acceptance,-0.49375,-4.143305045909645,3.1558050459096445,93.18333333333334,92.68958333333333
calm,max_new_per_quarter,1,2,failed_budget,0.0,0.0,0.0,0.0,0.0
cm3_12w,budget_share,"(0.01, 0.04)","(0.05, 0.2)",d_network_profit,-27078.29472916921,-186506.52340546652,132349.93394712813,278134418.5173536,278107340.2226244
cm3_12w,budget_share,"(0.01, 0.04)","(0.05, 0.2)",d_network_profit_with_inventory,12697.610588582356,-160364.81417457023,185760.03535173493,254421552.58555984,254434250.19614843
cm3_12w,budget_share,"(0.01, 0.04)","(0.05, 0.2)",d_satisfaction_index,2.6055700902994733e-07,-1.050596810661473e-06,1.5717108287213678e-06,0.0003106159995334673,0.0003108765565424972
cm3_12w,budget_share,"(0.01, 0.04)","(0.05, 0.2)",d_fill_rate,4.0611398198289737e-07,-2.2455393638014767e-06,3.0577673277672716e-06,0.0005572852895344309,0.0005576914035164138
cm3_12w,budget_share,"(0.01, 0.04)","(0.05, 0.2)",costs_tech,-8191.666541666537,-19920.951271209236,3537.6181878761627,38574121.88595833,38565930.21941666
cm3_12w,budget_share,"(0.01, 0.04)","(0.05, 0.2)",adoptions,-0.016666666666666666,-0.0466465746795144,0.013313241346181066,56.71458333333333,56.697916666666664
cm3_12w,budget_share,"(0.01, 0.04)","(0.05, 0.2)",coalitions,-0.0020833333333333333,-0.006343749999999999,0.0021770833333333325,1.1833333333333333,1.18125
cm3_12w,budget_share,"(0.01, 0.04)","(0.05, 0.2)",mean_adopt_week,-0.021276812127453346,-0.05202615302684592,0.009472528771939225,45.88849312622673,45.86721631409928
cm3_12w,budget_share,"(0.01, 0.04)","(0.05, 0.2)",adopt_ml_forecast,0.0,0.0,0.0,16.264583333333334,16.264583333333334
cm3_12w,budget_share,"(0.01, 0.04)","(0.05, 0.2)",adopt_control_tower,0.0,0.0,0.0,8.020833333333334,8.020833333333334
cm3_12w,budget_share,"(0.01, 0.04)","(0.05, 0.2)",adopt_rfid,0.0,0.0,0.0,21.808333333333334,21.808333333333334
cm3_12w,budget_share,"(0.01, 0.04)","(0.05, 0.2)",adopt_aps,0.0,0.0,0.0,0.0,0.0
cm3_12w,budget_share,"(0.01, 0.04)","(0.05, 0.2)",adopt_routing,-0.0020833333333333333,-0.006343749999999999,0.0021770833333333325,5.429166666666666,5.427083333333333
cm3_12w,budget_share,"(0.01, 0.04)","(0.05, 0.2)",adopt_wh_robotics,0.0,0.0,0.0,0.0,0.0
cm3_12w,budget_share,"(0.01, 0.04)","(0.05, 0.2)",adopt_blockchain,-0.014583333333333334,-0.044406249999999994,0.01523958333333333,5.191666666666666,5.177083333333333
cm3_12w,budget_share,"(0.01, 0.04)","(0.05, 0.2)",adopt_risk_intel,0.0,0.0,0.0,0.0,0.0
cm3_12w,budget_share,"(0.01, 0.04)","(0.05, 0.2)",formed_dyad,0.0,0.0,0.0,0.06875,0.06875
cm3_12w,budget_share,"(0.01, 0.04)","(0.05, 0.2)",formed_triad,0.0,0.0,0.0,0.01875,0.01875
cm3_12w,budget_share,"(0.01, 0.04)","(0.05, 0.2)",formed_chain,-0.0020833333333333333,-0.006343749999999999,0.0021770833333333325,1.0958333333333334,1.09375
cm3_12w,budget_share,"(0.01, 0.04)","(0.05, 0.2)",formed_network,0.0,0.0,0.0,0.0,0.0
cm3_12w,budget_share,"(0.01, 0.04)","(0.05, 0.2)",failed_acceptance,-0.008333333333333333,-0.030200864556933632,0.013534197890266964,94.60416666666667,94.59583333333333
cm3_12w,budget_share,"(0.01, 0.04)","(0.05, 0.2)",failed_budget,-0.0020833333333333333,-0.006343749999999999,0.0021770833333333325,0.0020833333333333333,0.0
cm3_12w,horizon_weeks,"(13, 52)","(52, 156)",d_network_profit,12425150.615312608,-3291953.6471305955,28142254.877755813,271908304.06233275,284333454.6776453
cm3_12w,horizon_weeks,"(13, 52)","(52, 156)",d_network_profit_with_inventory,10161760.559932359,-4745058.720448684,25068579.8403134,249347021.11088794,259508781.6708203
cm3_12w,horizon_weeks,"(13, 52)","(52, 156)",d_satisfaction_index,0.0001341765434949111,4.552529402430781e-05,0.00022282779296551436,0.00024365800629052672,0.00037783454978543784
cm3_12w,horizon_weeks,"(13, 52)","(52, 156)",d_fill_rate,0.0001556222336142538,-4.417989127398743e-06,0.0003156624563559063,0.0004796772297182954,0.0006352994633325493
cm3_12w,horizon_weeks,"(13, 52)","(52, 156)",costs_tech,13589647.930958332,12049097.459297255,15130198.40261941,31775202.087208334,45364850.018166676
cm3_12w,horizon_weeks,"(13, 52)","(52, 156)",adoptions,25.070833333333333,21.839845905011586,28.30182076165508,44.170833333333334,69.24166666666666
cm3_12w,horizon_weeks,"(13, 52)","(52, 156)",coalitions,1.75625,1.4764717015722937,2.0360282984277065,0.30416666666666664,2.060416666666667
cm3_12w,horizon_weeks,"(13, 52)","(52, 156)",mean_adopt_week,4.431456123154594,2.5422905226530084,6.3206217236561795,43.66212665858571,48.09358278174031
cm3_12w,horizon_weeks,"(13, 52)","(52, 156)",adopt_ml_forecast,4.029166666666667,3.40593951606025,4.652393817273084,14.25,18.279166666666665
cm3_12w,horizon_weeks,"(13, 52)","(52, 156)",adopt_control_tower,8.591666666666667,7.041214062264917,10.142119271068417,3.725,12.316666666666666
cm3_12w,horizon_weeks,"(13, 52)","(52, 156)",adopt_rfid,0.55,0.29273485943430394,0.8072651405656961,21.533333333333335,22.083333333333332
cm3_12w,horizon_weeks,"(13, 52)","(52, 156)",adopt_aps,0.0,0.0,0.0,0.0,0.0
cm3_12w,horizon_weeks,"(13, 52)","(52, 156)",adopt_routing,1.53125,1.2827200979010003,1.7797799020989997,4.6625,6.19375
cm3_12w,horizon_weeks,"(13, 52)","(52, 156)",adopt_wh_robotics,0.0,0.0,0.0,0.0,0.0
cm3_12w,horizon_weeks,"(13, 52)","(52, 156)",adopt_blockchain,10.36875,7.997877524806318,12.739622475193682,0.0,10.36875
cm3_12w,horizon_weeks,"(13, 52)","(52, 156)",adopt_risk_intel,0.0,0.0,0.0,0.0,0.0
cm3_12w,horizon_weeks,"(13, 52)","(52, 156)",formed_dyad,0.1375,0.08086855586197678,0.19413144413802325,0.0,0.1375
cm3_12w,horizon_weeks,"(13, 52)","(52, 156)",formed_triad,0.0375,-0.003425701335630381,0.07842570133563037,0.0,0.0375
cm3_12w,horizon_weeks,"(13, 52)","(52, 156)",formed_chain,1.58125,1.2982154852550536,1.8642845147449465,0.30416666666666664,1.8854166666666667
cm3_12w,horizon_weeks,"(13, 52)","(52, 156)",formed_network,0.0,0.0,0.0,0.0,0.0
cm3_12w,horizon_weeks,"(13, 52)","(52, 156)",failed_acceptance,7.758333333333334,2.569007849870693,12.947658816795975,90.72083333333333,98.47916666666667
cm3_12w,horizon_weeks,"(13, 52)","(52, 156)",failed_budget,0.0020833333333333333,-0.0021770833333333325,0.006343749999999999,0.0,0.0020833333333333333
cm3_12w,chain_accept_share,0.4,0.8,d_network_profit,-18151918.331645932,-28979380.908246033,-7324455.755045833,287196838.535812,269044920.20416605
cm3_12w,chain_accept_share,0.4,0.8,d_network_profit_with_inventory,-11224511.587186527,-19440101.704793867,-3008921.469579187,260040157.18444738,248815645.59726086
cm3_12w,chain_accept_share,0.4,0.8,d_satisfaction_index,-0.00020461812216361548,-0.0002772562579705642,-0.00013197998635666676,0.00041305533911979004,0.00020843721695617453
cm3_12w,chain_accept_share,0.4,0.8,d_fill_rate,-0.0003689120564524605,-0.000513073636811984,-0.00022475047609293706,0.0007419443747516526,0.0003730323182991921
cm3_12w,chain_accept_share,0.4,0.8,costs_tech,-11268910.420625001,-11969303.82915751,-10568517.012092492,44204481.263,32935570.842375
cm3_12w,chain_accept_share,0.4,0.8,adoptions,-14.654166666666667,-15.995091897943206,-13.313241435390127,64.03333333333333,49.37916666666667
cm3_12w,chain_accept_share,0.4,0.8,coalitions,-1.2645833333333334,-1.3870976157256982,-1.1420690509409686,1.8145833333333334,0.55
cm3_12w,chain_accept_share,0.4,0.8,mean_adopt_week,-1.5192533695217874,-2.7026567274084474,-0.3358500116351273,46.63748140492389,45.11822803540211
cm3_12w,chain_accept_share,0.4,0.8,adopt_ml_forecast,-0.32083333333333336,-0.47954309745366475,-0.16212356921300197,16.425,16.104166666666668
cm3_12w,chain_accept_share,0.4,0.8,adopt_control_tower,-13.45,-14.278056670136973,-12.621943329863026,14.745833333333334,1.2958333333333334
cm3_12w,chain_accept_share,0.4,0.8,adopt_rfid,0.0,-0.04064948422217354,0.04064948422217354,21.808333333333334,21.808333333333334
cm3_12w,chain_accept_share,0.4,0.8,adopt_aps,0.0,0.0,0.0,0.0,0.0
cm3_12w,chain_accept_share,0.4,0.8,adopt_routing,-0.23958333333333334,-0.35125737674867263,-0.12790928991799405,5.547916666666667,5.308333333333334
cm3_12w,chain_accept_share,0.4,0.8,adopt_wh_robotics,0.0,0.0,0.0,0.0,0.0
cm3_12w,chain_accept_share,0.4,0.8,adopt_blockchain,-0.64375,-1.4544534006652037,0.1669534006652036,5.50625,4.8625
cm3_12w,chain_accept_share,0.4,0.8,adopt_risk_intel,0.0,0.0,0.0,0.0,0.0
cm3_12w,chain_accept_share,0.4,0.8,formed_dyad,-0.10416666666666667,-0.1411053424912202,-0.06722799084211314,0.12083333333333333,0.016666666666666666
cm3_12w,chain_accept_share,0.4,0.8,formed_triad,-0.020833333333333332,-0.045599917585547656,0.003933250918880995,0.029166666666666667,0.008333333333333333
cm3_12w,chain_accept_share,0.4,0.8,formed_chain,-1.1395833333333334,-1.240592363141365,-1.038574303525302,1.6645833333333333,0.525
cm3_12w,chain_accept_share,0.4,0.8,formed_network,0.0,0.0,0.0,0.0,0.0
cm3_12w,chain_accept_share,0.4,0.8,failed_acceptance,48.2,44.36432554825419,52.03567445174581,70.5,118.7
cm3_12w,chain_accept_share,0.4,0.8,failed_budget,-0.0020833333333333333,-0.006343749999999999,0.0021770833333333325,0.0020833333333333333,0.0
cm3_12w,cost_split,equal,by_size,d_network_profit,-128241.21406253178,-3486074.9333317657,3229592.505206702,278184999.9770203,278056758.76295775
cm3_12w,cost_split,equal,by_size,d_network_profit_with_inventory,-129649.73697621028,-2926478.10205548,2667178.628103059,254492726.25934222,254363076.52236602
cm3_12w,cost_split,equal,by_size,d_satisfaction_index,-1.6704593597920148e-06,-2.3839010599698233e-05,2.0498091880114203e-05,0.0003115815077178783,0.00030991104835808626
cm3_12w,cost_split,equal,by_size,d_fill_rate,-1.5109214764347466e-05,-5.679765899587313e-05,2.6579229467178194e-05,0.000565042953907596,0.0005499337391432486
cm3_12w,cost_split,equal,by_size,costs_tech,1226918.7279583334,772117.6543898621,1681719.801526805,37956566.688708335,39183485.416666664
cm3_12w,cost_split,equal,by_size,adoptions,3.7875,2.7754547413265316,4.799545258673469,54.8125,58.6
cm3_12w,cost_split,equal,by_size,coalitions,0.2520833333333333,0.1376849973525438,0.36648166931412285,1.05625,1.3083333333333333
cm3_12w,cost_split,equal,by_size,mean_adopt_week,-0.07909537295220186,-1.008633341857042,0.8504425959526382,45.917402406639106,45.83830703368689
cm3_12w,cost_split,equal,by_size,adopt_ml_forecast,-0.004166666666666667,-0.10104815274603747,0.09271481941270414,16.266666666666666,16.2625
cm3_12w,cost_split,equal,by_size,adopt_control_tower,2.4166666666666665,1.8114578659467253,3.0218754673866077,6.8125,9.229166666666666
cm3_12w,cost_split,equal,by_size,adopt_rfid,0.0,-0.02122850078761228,0.02122850078761228,21.808333333333334,21.808333333333334
cm3_12w,cost_split,equal,by_size,adopt_aps,0.0,0.0,0.0,0.0,0.0
cm3_12w,cost_split,equal,by_size,adopt_routing,0.06041666666666667,-0.02326854384488828,0.14410187717822162,5.397916666666666,5.458333333333333
cm3_12w,cost_split,equal,by_size,adopt_wh_robotics,0.0,0.0,0.0,0.0,0.0
cm3_12w,cost_split,equal,by_size,adopt_blockchain,1.3145833333333334,0.7216882643809052,1.9074784022857618,4.527083333333334,5.841666666666667
cm3_12w,cost_split,equal,by_size,adopt_risk_intel,0.0,0.0,0.0,0.0,0.0
cm3_12w,cost_split,equal,by_size,formed_dyad,0.029166666666666667,-0.010893438625747043,0.06922677195908038,0.05416666666666667,0.08333333333333333
cm3_12w,cost_split,equal,by_size,formed_triad,0.0125,-0.006288522448298847,0.03128852244829885,0.0125,0.025
cm3_12w,cost_split,equal,by_size,formed_chain,0.21041666666666667,0.11381662062927346,0.3070167127040599,0.9895833333333334,1.2
cm3_12w,cost_split,equal,by_size,formed_network,0.0,0.0,0.0,0.0,0.0
cm3_12w,cost_split,equal,by_size,failed_acceptance,-3.5416666666666665,-5.275879850606903,-1.8074534827264304,96.37083333333334,92.82916666666667
cm3_12w,cost_split,equal,by_size,failed_budget,-0.0020833333333333333,-0.006343749999999999,0.0021770833333333325,0.0020833333333333333,0.0
cm3_12w,max_new_per_quarter,1,2,d_network_profit,49314268.31189623,21254724.03450311,77373812.58928934,253463745.2140409,302778013.52593714
cm3_12w,max_new_per_quarter,1,2,d_network_profit_with_inventory,44810133.354880616,16425229.459809128,73195037.24995211,232022834.7134138,276832968.0682944
cm3_12w,max_new_per_quarter,1,2,d_satisfaction_index,0.0002562067675087193,0.0001248824375773762,0.0003875310974400624,0.0001826428942836226,0.00043884966179234195
cm3_12w,max_new_per_quarter,1,2,d_fill_rate,0.0004409531028550464,0.00019235961072016158,0.0006895465949899313,0.0003370117950978991,0.0007779648979529455
cm3_12w,max_new_per_quarter,1,2,costs_tech,11596635.418875001,10726895.467129108,12466375.370620895,32771708.343250003,44368343.762125
cm3_12w,max_new_per_quarter,1,2,adoptions,12.7125,10.906646117541161,14.51835388245884,50.35,63.0625
cm3_12w,max_new_per_quarter,1,2,coalitions,0.9229166666666667,0.7147687777488363,1.1310645555844971,0.7208333333333333,1.64375
cm3_12w,max_new_per_quarter,1,2,mean_adopt_week,-9.302705485068724,-11.035008746187602,-7.570402223949847,50.52920746269736,41.226501977628644
cm3_12w,max_new_per_quarter,1,2,adopt_ml_forecast,2.8375,1.9918033136095616,3.6831966863904384,14.845833333333333,17.683333333333334
cm3_12w,max_new_per_quarter,1,2,adopt_control_tower,8.516666666666667,7.325804324296813,9.707529009036522,3.7625,12.279166666666667
cm3_12w,max_new_per_quarter,1,2,adopt_rfid,-0.05,-0.32312537744259673,0.22312537744259675,21.833333333333332,21.783333333333335
cm3_12w,max_new_per_quarter,1,2,adopt_aps,0.0,0.0,0.0,0.0,0.0
cm3_12w,max_new_per_quarter,1,2,adopt_routing,0.3729166666666667,-0.012839098598578125,0.7586724319319115,5.241666666666666,5.614583333333333
cm3_12w,max_new_per_quarter,1,2,adopt_wh_robotics,0.0,0.0,0.0,0.0,0.0
cm3_12w,max_new_per_quarter,1,2,adopt_blockchain,1.0354166666666667,-0.3629234868419642,2.4337568201752973,4.666666666666667,5.702083333333333
cm3_12w,max_new_per_quarter,1,2,adopt_risk_intel,0.0,0.0,0.0,0.0,0.0
cm3_12w,max_new_per_quarter,1,2,formed_dyad,0.07083333333333333,0.012460317146075275,0.1292063495205914,0.03333333333333333,0.10416666666666667
cm3_12w,max_new_per_quarter,1,2,formed_triad,-0.004166666666666667,-0.04385002278725322,0.03551668945391989,0.020833333333333332,0.016666666666666666
cm3_12w,max_new_per_quarter,1,2,formed_chain,0.85625,0.6825791087344498,1.02992089126555,0.6666666666666666,1.5229166666666667
cm3_12w,max_new_per_quarter,1,2,formed_network,0.0,0.0,0.0,0.0,0.0
cm3_12w,max_new_per_quarter,1,2,failed_acceptance,1.4666666666666666,-1.9018864680662262,4.8352198013995595,93.86666666666666,95.33333333333333
cm3_12w,max_new_per_quarter,1,2,failed_budget,0.0020833333333333333,-0.0021770833333333325,0.006343749999999999,0.0,0.0020833333333333333
