condition,factor,low,high,measure,effect,ci_low,ci_high,mean_at_low,mean_at_high,git_commit,git_dirty,run_date
calm,budget_share,"(0.01, 0.04)","(0.05, 0.2)",d_network_profit,-414256.36866666476,-1056626.4070332774,228113.669699948,333234826.6208338,332820570.2521671,037dcf6dccb3932f8037378af037d22f22ba138c,False,2026-09-25
calm,budget_share,"(0.01, 0.04)","(0.05, 0.2)",d_network_profit_with_inventory,-247996.89202658334,-694802.2200551709,198808.43600200422,293367039.1216625,293119042.229636,037dcf6dccb3932f8037378af037d22f22ba138c,False,2026-09-25
calm,budget_share,"(0.01, 0.04)","(0.05, 0.2)",d_satisfaction_index,-2.035277303870144e-06,-5.739451752568265e-06,1.6688971448279773e-06,0.0003629255189971578,0.00036089024169328767,037dcf6dccb3932f8037378af037d22f22ba138c,False,2026-09-25
calm,budget_share,"(0.01, 0.04)","(0.05, 0.2)",d_fill_rate,-3.5926237262455993e-06,-1.0482448729396911e-05,3.297201276905712e-06,0.0006609487733365021,0.0006573561496102565,037dcf6dccb3932f8037378af037d22f22ba138c,False,2026-09-25
calm,budget_share,"(0.01, 0.04)","(0.05, 0.2)",costs_tech,3763.750229166448,-9556.015269831005,17083.5157281639,45092467.08735416,45096230.83758333,037dcf6dccb3932f8037378af037d22f22ba138c,False,2026-09-25
calm,budget_share,"(0.01, 0.04)","(0.05, 0.2)",adoptions,0.05,-0.0690500683617597,0.1690500683617597,87.64583333333333,87.69583333333334,037dcf6dccb3932f8037378af037d22f22ba138c,False,2026-09-25
calm,budget_share,"(0.01, 0.04)","(0.05, 0.2)",coalitions,0.008333333333333333,-0.009776677892098002,0.026443344558764667,3.714583333333333,3.722916666666667,037dcf6dccb3932f8037378af037d22f22ba138c,False,2026-09-25
calm,budget_share,"(0.01, 0.04)","(0.05, 0.2)",mean_adopt_week,0.0020230726511004586,-0.07788881717403338,0.08193496247623429,43.069302998053736,43.07132607070483,037dcf6dccb3932f8037378af037d22f22ba138c,False,2026-09-25
calm,budget_share,"(0.01, 0.04)","(0.05, 0.2)",adopt_ml_forecast,0.0,-0.006128140322110065,0.006128140322110065,18.804166666666667,18.804166666666667,037dcf6dccb3932f8037378af037d22f22ba138c,False,2026-09-25
calm,budget_share,"(0.01, 0.04)","(0.05, 0.2)",adopt_control_tower,0.04791666666666667,-0.03714830792317018,0.13298164125650352,35.58125,35.62916666666667,037dcf6dccb3932f8037378af037d22f22ba138c,False,2026-09-25
calm,budget_share,"(0.01, 0.04)","(0.05, 0.2)",adopt_rfid,0.0,0.0,0.0,22.19375,22.19375,037dcf6dccb3932f8037378af037d22f22ba138c,False,2026-09-25
calm,budget_share,"(0.01, 0.04)","(0.05, 0.2)",adopt_aps,0.0,0.0,0.0,0.0,0.0,037dcf6dccb3932f8037378af037d22f22ba138c,False,2026-09-25
calm,budget_share,"(0.01, 0.04)","(0.05, 0.2)",adopt_routing,-0.0020833333333333333,-0.009546928578326352,0.005380261911659684,5.93125,5.929166666666666,037dcf6dccb3932f8037378af037d22f22ba138c,False,2026-09-25
calm,budget_share,"(0.01, 0.04)","(0.05, 0.2)",adopt_wh_robotics,0.0,0.0,0.0,0.0,0.0,037dcf6dccb3932f8037378af037d22f22ba138c,False,2026-09-25
calm,budget_share,"(0.01, 0.04)","(0.05, 0.2)",adopt_blockchain,0.004166666666666667,-0.07595354391816073,0.08428687725149406,5.135416666666667,5.139583333333333,037dcf6dccb3932f8037378af037d22f22ba138c,False,2026-09-25
calm,budget_share,"(0.01, 0.04)","(0.05, 0.2)",adopt_risk_intel,0.0,0.0,0.0,0.0,0.0,037dcf6dccb3932f8037378af037d22f22ba138c,False,2026-09-25
calm,budget_share,"(0.01, 0.04)","(0.05, 0.2)",formed_dyad,0.004166666666666667,-0.006328985028293282,0.014662318361626615,0.7375,0.7416666666666667,037dcf6dccb3932f8037378af037d22f22ba138c,False,2026-09-25
calm,budget_share,"(0.01, 0.04)","(0.05, 0.2)",formed_triad,-0.004166666666666667,-0.010087012677414114,0.0017536793440807797,0.25625,0.2520833333333333,037dcf6dccb3932f8037378af037d22f22ba138c,False,2026-09-25
calm,budget_share,"(0.01, 0.04)","(0.05, 0.2)",formed_chain,0.008333333333333333,-0.0017981958572884597,0.018464862523955128,2.720833333333333,2.7291666666666665,037dcf6dccb3932f8037378af037d22f22ba138c,False,2026-09-25
calm,budget_share,"(0.01, 0.04)","(0.05, 0.2)",formed_network,0.0,0.0,0.0,0.0,0.0,037dcf6dccb3932f8037378af037d22f22ba138c,False,2026-09-25
calm,budget_share,"(0.01, 0.04)","(0.05, 0.2)",failed_acceptance,0.04375,-0.14869214577305506,0.23619214577305508,72.25,72.29375,037dcf6dccb3932f8037378af037d22f22ba138c,False,2026-09-25
calm,budget_share,"(0.01, 0.04)","(0.05, 0.2)",failed_budget,-0.0125,-0.023799732428044583,-0.0012002675719554184,0.0125,0.0,037dcf6dccb3932f8037378af037d22f22ba138c,False,2026-09-25
calm,horizon_weeks,"(13, 52)","(52, 156)",d_network_profit,32718627.750333644,20344136.28528991,45093119.215377375,316668384.5613337,349387012.31166726,037dcf6dccb3932f8037378af037d22f22ba138c,False,2026-09-25
calm,horizon_weeks,"(13, 52)","(52, 156)",d_network_profit_with_inventory,19112112.28821481,10598784.183912527,27625440.392517094,283686984.5315419,302799096.8197566,037dcf6dccb3932f8037378af037d22f22ba138c,False,2026-09-25
calm,horizon_weeks,"(13, 52)","(52, 156)",d_satisfaction_index,7.303143011499642e-05,4.365654133630543e-05,0.00010240631889368741,0.0003253921652877245,0.00039842359540272096,037dcf6dccb3932f8037378af037d22f22ba138c,False,2026-09-25
calm,horizon_weeks,"(13, 52)","(52, 156)",d_fill_rate,5.954384999636483e-05,7.326808781555031e-06,0.00011176089121117463,0.0006293805364751969,0.0006889243864715617,037dcf6dccb3932f8037378af037d22f22ba138c,False,2026-09-25
calm,horizon_weeks,"(13, 52)","(52, 156)",costs_tech,10784671.264020832,10020350.751265593,11548991.776776072,39702013.33045833,50486684.59447916,037dcf6dccb3932f8037378af037d22f22ba138c,False,2026-09-25
calm,horizon_weeks,"(13, 52)","(52, 156)",adoptions,35.525,32.76712850615018,38.28287149384982,69.90833333333333,105.43333333333334,037dcf6dccb3932f8037378af037d22f22ba138c,False,2026-09-25
calm,horizon_weeks,"(13, 52)","(52, 156)",coalitions,2.870833333333333,2.616760507477984,3.1249061591886824,2.283333333333333,5.154166666666667,037dcf6dccb3932f8037378af037d22f22ba138c,False,2026-09-25
calm,horizon_weeks,"(13, 52)","(52, 156)",mean_adopt_week,1.5877434756654194,0.3777786326535324,2.7977083186773064,42.27644279654657,43.86418627221198,037dcf6dccb3932f8037378af037d22f22ba138c,False,2026-09-25
calm,horizon_weeks,"(13, 52)","(52, 156)",adopt_ml_forecast,3.183333333333333,2.6527647152132223,3.713901951453444,17.2125,20.395833333333332,037dcf6dccb3932f8037378af037d22f22ba138c,False,2026-09-25
calm,horizon_weeks,"(13, 52)","(52, 156)",adopt_control_tower,19.49375,17.358681374731425,21.628818625268572,25.858333333333334,45.35208333333333,037dcf6dccb3932f8037378af037d22f22ba138c,False,2026-09-25
calm,horizon_weeks,"(13, 52)","(52, 156)",adopt_rfid,0.5875,0.2912755598257677,0.8837244401742324,21.9,22.4875,037dcf6dccb3932f8037378af037d22f22ba138c,False,2026-09-25
calm,horizon_weeks,"(13, 52)","(52, 156)",adopt_aps,0.0,0.0,0.0,0.0,0.0,037dcf6dccb3932f8037378af037d22f22ba138c,False,2026-09-25
calm,horizon_weeks,"(13, 52)","(52, 156)",adopt_routing,1.9854166666666666,1.7157309107539758,2.2551024225793572,4.9375,6.922916666666667,037dcf6dccb3932f8037378af037d22f22ba138c,False,2026-09-25
calm,horizon_weeks,"(13, 52)","(52, 156)",adopt_wh_robotics,0.0,0.0,0.0,0.0,0.0,037dcf6dccb3932f8037378af037d22f22ba138c,False,2026-09-25
calm,horizon_weeks,"(13, 52)","(52, 156)",adopt_blockchain,10.275,8.456040356107888,12.093959643892113,0.0,10.275,037dcf6dccb3932f8037378af037d22f22ba138c,False,2026-09-25
calm,horizon_weeks,"(13, 52)","(52, 156)",adopt_risk_intel,0.0,0.0,0.0,0.0,0.0,037dcf6dccb3932f8037378af037d22f22ba138c,False,2026-09-25
calm,horizon_weeks,"(13, 52)","(52, 156)",formed_dyad,0.9958333333333333,0.8328970028696774,1.1587696637969893,0.24166666666666667,1.2375,037dcf6dccb3932f8037378af037d22f22ba138c,False,2026-09-25
calm,horizon_weeks,"(13, 52)","(52, 156)",formed_triad,0.10833333333333334,0.02939362453529093,0.18727304213137574,0.2,0.30833333333333335,037dcf6dccb3932f8037378af037d22f22ba138c,False,2026-09-25
calm,horizon_weeks,"(13, 52)","(52, 156)",formed_chain,1.7666666666666666,1.558315903782255,1.9750174295510783,1.8416666666666666,3.6083333333333334,037dcf6dccb3932f8037378af037d22f22ba138c,False,2026-09-25
calm,horizon_weeks,"(13, 52)","(52, 156)",formed_network,0.0,0.0,0.0,0.0,0.0,037dcf6dccb3932f8037378af037d22f22ba138c,False,2026-09-25
calm,horizon_weeks,"(13, 52)","(52, 156)",failed_acceptance,-1.98125,-4.337120674468729,0.3746206744687297,73.2625,71.28125,037dcf6dccb3932f8037378af037d22f22ba138c,False,2026-09-25
calm,horizon_weeks,"(13, 52)","(52, 156)",failed_budget,0.0125,0.0012002675719554184,0.023799732428044583,0.0,0.0125,037dcf6dccb3932f8037378af037d22f22ba138c,False,2026-09-25
calm,chain_accept_share,0.4,0.8,d_network_profit,-2876357.4406250794,-7370718.475875363,1618003.5946252034,334465877.156813,331589519.7161881,037dcf6dccb3932f8037378af037d22f22ba138c,False,2026-09-25
calm,chain_accept_share,0.4,0.8,d_network_profit_with_inventory,-1004284.195343558,-4117245.5812148284,2108677.190527713,293745182.77332103,292740898.5779775,037dcf6dccb3932f8037378af037d22f22ba138c,False,2026-09-25
calm,chain_accept_share,0.4,0.8,d_satisfaction_index,-1.3649135412806962e-05,-2.8422100965602486e-05,1.1238301399885623e-06,0.0003687324480516262,0.00035508331263881925,037dcf6dccb3932f8037378af037d22f22ba138c,False,2026-09-25
calm,chain_accept_share,0.4,0.8,d_fill_rate,-2.7363140556804777e-05,-5.5886960563486486e-05,1.160679449876935e-06,0.0006728340317517817,0.000645470891194977,037dcf6dccb3932f8037378af037d22f22ba138c,False,2026-09-25
calm,chain_accept_share,0.4,0.8,costs_tech,-2542807.0867708335,-3019203.25733921,-2066410.9162024574,46365752.50585417,43822945.419083335,037dcf6dccb3932f8037378af037d22f22ba138c,False,2026-09-25
calm,chain_accept_share,0.4,0.8,adoptions,-10.891666666666667,-12.944364390052007,-8.838968943281328,93.11666666666666,82.225,037dcf6dccb3932f8037378af037d22f22ba138c,False,2026-09-25
calm,chain_accept_share,0.4,0.8,coalitions,-1.1916666666666667,-1.4005574635375702,-0.982775869795763,4.314583333333333,3.122916666666667,037dcf6dccb3932f8037378af037d22f22ba138c,False,2026-09-25
calm,chain_accept_share,0.4,0.8,mean_adopt_week,3.975039202118714,2.763060350534836,5.187018053702592,41.082794933319924,45.05783413543863,037dcf6dccb3932f8037378af037d22f22ba138c,False,2026-09-25
calm,chain_accept_share,0.4,0.8,adopt_ml_forecast,0.07916666666666666,-0.14690551577745425,0.3052388491107876,18.764583333333334,18.84375,037dcf6dccb3932f8037378af037d22f22ba138c,False,2026-09-25
calm,chain_accept_share,0.4,0.8,adopt_control_tower,-11.152083333333334,-13.196281440375769,-9.107885226290898,41.18125,30.029166666666665,037dcf6dccb3932f8037378af037d22f22ba138c,False,2026-09-25
calm,chain_accept_share,0.4,0.8,adopt_rfid,0.0125,-0.044131444138023224,0.06913144413802322,22.1875,22.2,037dcf6dccb3932f8037378af037d22f22ba138c,False,2026-09-25
calm,chain_accept_share,0.4,0.8,adopt_aps,0.0,0.0,0.0,0.0,0.0,037dcf6dccb3932f8037378af037d22f22ba138c,False,2026-09-25
calm,chain_accept_share,0.4,0.8,adopt_routing,0.08541666666666667,-0.035524217782224046,0.20635755111555737,5.8875,5.972916666666666,037dcf6dccb3932f8037378af037d22f22ba138c,False,2026-09-25
calm,chain_accept_share,0.4,0.8,adopt_wh_robotics,0.0,0.0,0.0,0.0,0.0,037dcf6dccb3932f8037378af037d22f22ba138c,False,2026-09-25
calm,chain_accept_share,0.4,0.8,adopt_blockchain,0.08333333333333333,-0.6074451847260603,0.7741118513927271,5.095833333333333,5.179166666666666,037dcf6dccb3932f8037378af037d22f22ba138c,False,2026-09-25
calm,chain_accept_share,0.4,0.8,adopt_risk_intel,0.0,0.0,0.0,0.0,0.0,037dcf6dccb3932f8037378af037d22f22ba138c,False,2026-09-25
calm,chain_accept_share,0.4,0.8,formed_dyad,-0.025,-0.15067917910864317,0.10067917910864319,0.7520833333333333,0.7270833333333333,037dcf6dccb3932f8037378af037d22f22ba138c,False,2026-09-25
calm,chain_accept_share,0.4,0.8,formed_triad,-0.17916666666666667,-0.25056235064079846,-0.10777098269253488,0.34375,0.16458333333333333,037dcf6dccb3932f8037378af037d22f22ba138c,False,2026-09-25
calm,chain_accept_share,0.4,0.8,formed_chain,-0.9875,-1.131530854136352,-0.843469145863648,3.21875,2.23125,037dcf6dccb3932f8037378af037d22f22ba138c,False,2026-09-25
calm,chain_accept_share,0.4,0.8,formed_network,0.0,0.0,0.0,0.0,0.0,037dcf6dccb3932f8037378af037d22f22ba138c,False,2026-09-25
calm,chain_accept_share,0.4,0.8,failed_acceptance,23.089583333333334,20.5436918300854,25.635474836581267,60.72708333333333,83.81666666666666,037dcf6dccb3932f8037378af037d22f22ba138c,False,2026-09-25
calm,chain_accept_share,0.4,0.8,failed_budget,0.0,-0.008666499155653483,0.008666499155653483,0.00625,0.00625,037dcf6dccb3932f8037378af037d22f22ba138c,False,2026-09-25
calm,cost_split,equal,by_size,d_network_profit,-306916.6702499231,-5768966.027186215,5155132.686686369,333181156.7716255,332874240.10137564,037dcf6dccb3932f8037378af037d22f22ba138c,False,2026-09-25
calm,cost_split,equal,by_size,d_network_profit_with_inventory,3930820.1946261087,-294733.6594310878,8156374.048683305,291277630.5783362,295208450.77296233,037dcf6dccb3932f8037378af037d22f22ba138c,False,2026-09-25
calm,cost_split,equal,by_size,d_satisfaction_index,1.4503309180801532e-05,-5.30236771200268e-06,3.430898607360574e-05,0.00035465622575482197,0.0003691595349356235,037dcf6dccb3932f8037378af037d22f22ba138c,False,2026-09-25
calm,cost_split,equal,by_size,d_fill_rate,3.900377965105709e-06,-2.938469734428652e-05,3.7185453274497936e-05,0.0006572022724908264,0.0006611026504559322,037dcf6dccb3932f8037378af037d22f22ba138c,False,2026-09-25
calm,cost_split,equal,by_size,costs_tech,524064.57506250066,19154.48152281402,1028974.6686021873,44832316.674937494,45356381.25,037dcf6dccb3932f8037378af037d22f22ba138c,False,2026-09-25
calm,cost_split,equal,by_size,adoptions,18.683333333333334,16.36245899082655,21.004207675840117,78.32916666666667,97.0125,037dcf6dccb3932f8037378af037d22f22ba138c,False,2026-09-25
calm,cost_split,equal,by_size,coalitions,-0.2708333333333333,-0.5114230089262725,-0.030243657740394198,3.8541666666666665,3.5833333333333335,037dcf6dccb3932f8037378af037d22f22ba138c,False,2026-09-25
calm,cost_split,equal,by_size,mean_adopt_week,-3.726992175011509,-4.848643220736742,-2.605341129286276,44.93381062188504,41.20681844687353,037dcf6dccb3932f8037378af037d22f22ba138c,False,2026-09-25
calm,cost_split,equal,by_size,adopt_ml_forecast,-0.11666666666666667,-0.28964240573683975,0.05630907240350641,18.8625,18.745833333333334,037dcf6dccb3932f8037378af037d22f22ba138c,False,2026-09-25
calm,cost_split,equal,by_size,adopt_control_tower,17.50625,15.562350665376961,19.450149334623042,26.852083333333333,44.358333333333334,037dcf6dccb3932f8037378af037d22f22ba138c,False,2026-09-25
calm,cost_split,equal,by_size,adopt_rfid,0.0125,-0.04141370544396179,0.06641370544396179,22.1875,22.2,037dcf6dccb3932f8037378af037d22f22ba138c,False,2026-09-25
calm,cost_split,equal,by_size,adopt_aps,0.0,0.0,0.0,0.0,0.0,037dcf6dccb3932f8037378af037d22f22ba138c,False,2026-09-25
calm,cost_split,equal,by_size,adopt_routing,-0.052083333333333336,-0.1720264501300554,0.06785978346338872,5.95625,5.904166666666667,037dcf6dccb3932f8037378af037d22f22ba138c,False,2026-09-25
calm,cost_split,equal,by_size,adopt_wh_robotics,0.0,0.0,0.0,0.0,0.0,037dcf6dccb3932f8037378af037d22f22ba138c,False,2026-09-25
calm,cost_split,equal,by_size,adopt_blockchain,1.3333333333333333,0.44480933912987697,2.2218573275367897,4.470833333333333,5.804166666666666,037dcf6dccb3932f8037378af037d22f22ba138c,False,2026-09-25
calm,cost_split,equal,by_size,adopt_risk_intel,0.0,0.0,0.0,0.0,0.0,037dcf6dccb3932f8037378af037d22f22ba138c,False,2026-09-25
calm,cost_split,equal,by_size,formed_dyad,-0.6541666666666667,-0.8101315500204505,-0.4982017833128829,1.0666666666666667,0.4125,037dcf6dccb3932f8037378af037d22f22ba138c,False,2026-09-25
calm,cost_split,equal,by_size,formed_triad,-0.175,-0.2518831316954244,-0.09811686830457556,0.3416666666666667,0.16666666666666666,037dcf6dccb3932f8037378af037d22f22ba138c,False,2026-09-25
calm,cost_split,equal,by_size,formed_chain,0.5583333333333333,0.39254099219494276,0.7241256744717239,2.4458333333333333,3.004166666666667,037dcf6dccb3932f8037378af037d22f22ba138c,False,2026-09-25
calm,cost_split,equal,by_size,formed_network,0.0,0.0,0.0,0.0,0.0,037dcf6dccb3932f8037378af037d22f22ba138c,False,2026-09-25
calm,cost_split,equal,by_size,failed_acceptance,-21.252083333333335,-23.084791613880622,-19.419375052786048,82.89791666666666,61.645833333333336,037dcf6dccb3932f8037378af037d22f22ba138c,False,2026-09-25
calm,cost_split,equal,by_size,failed_budget,-0.0125,-0.023799732428044583,-0.0012002675719554184,0.0125,0.0,037dcf6dccb3932f8037378af037d22f22ba138c,False,2026-09-25
calm,max_new_per_quarter,1,2,d_network_profit,27385991.018208455,1082834.036401309,53689148.0000156,319334702.92739636,346720693.9456047,037dcf6dccb3932f8037378af037d22f22ba138c,False,2026-09-25
calm,max_new_per_quarter,1,2,d_network_profit_with_inventory,30147218.23793227,4878675.388104469,55415761.08776007,278169431.5566831,308316649.7946154,037dcf6dccb3932f8037378af037d22f22ba138c,False,2026-09-25
calm,max_new_per_quarter,1,2,d_satisfaction_index,6.517739783282253e-05,6.7392853996508365e-06,0.00012361551026599421,0.0003293191814288115,0.000394496579261634,037dcf6dccb3932f8037378af037d22f22ba138c,False,2026-09-25
calm,max_new_per_quarter,1,2,d_fill_rate,8.907260826964784e-05,-2.5703126649414732e-05,0.00020384834318871043,0.0006146161573385554,0.0007036887656082032,037dcf6dccb3932f8037378af037d22f22ba138c,False,2026-09-25
calm,max_new_per_quarter,1,2,costs_tech,4490907.504770833,3697992.2509000613,5283822.758641605,42848895.210083336,47339802.714854166,037dcf6dccb3932f8037378af037d22f22ba138c,False,2026-09-25
calm,max_new_per_quarter,1,2,adoptions,4.666666666666667,1.332427042980283,8.00090629035305,85.3375,90.00416666666666,037dcf6dccb3932f8037378af037d22f22ba138c,False,2026-09-25
calm,max_new_per_quarter,1,2,coalitions,0.2,-0.06268214696824692,0.46268214696824694,3.61875,3.81875,037dcf6dccb3932f8037378af037d22f22ba138c,False,2026-09-25
calm,max_new_per_quarter,1,2,mean_adopt_week,-14.196340233521575,-15.587700413678455,-12.804980053364694,50.16848465114007,35.97214441761849,037dcf6dccb3932f8037378af037d22f22ba138c,False,2026-09-25
calm,max_new_per_quarter,1,2,adopt_ml_forecast,1.0375,-0.03377885758788235,2.1087788575878825,18.285416666666666,19.322916666666668,037dcf6dccb3932f8037378af037d22f22ba138c,False,2026-09-25
calm,max_new_per_quarter,1,2,adopt_control_tower,2.5520833333333335,0.14140126565966238,4.962765401007005,34.329166666666666,36.88125,037dcf6dccb3932f8037378af037d22f22ba138c,False,2026-09-25
calm,max_new_per_quarter,1,2,adopt_rfid,-0.05416666666666667,-0.30554992442320883,0.19721659108987552,22.220833333333335,22.166666666666668,037dcf6dccb3932f8037378af037d22f22ba138c,False,2026-09-25
calm,max_new_per_quarter,1,2,adopt_aps,0.0,0.0,0.0,0.0,0.0,037dcf6dccb3932f8037378af037d22f22ba138c,False,2026-09-25
calm,max_new_per_quarter,1,2,adopt_routing,0.03125,-0.3210914234255577,0.3835914234255577,5.914583333333334,5.945833333333334,037dcf6dccb3932f8037378af037d22f22ba138c,False,2026-09-25
calm,max_new_per_quarter,1,2,adopt_wh_robotics,0.0,0.0,0.0,0.0,0.0,037dcf6dccb3932f8037378af037d22f22ba138c,False,2026-09-25
calm,max_new_per_quarter,1,2,adopt_blockchain,1.1,-0.023550701057421408,2.2235507010574214,4.5875,5.6875,037dcf6dccb3932f8037378af037d22f22ba138c,False,2026-09-25
calm,max_new_per_quarter,1,2,adopt_risk_intel,0.0,0.0,0.0,0.0,0.0,037dcf6dccb3932f8037378af037d22f22ba138c,False,2026-09-25
calm,max_new_per_quarter,1,2,formed_dyad,0.3416666666666667,0.20209387043331897,0.4812394629000144,0.56875,0.9104166666666667,037dcf6dccb3932f8037378af037d22f22ba138c,False,2026-09-25
calm,max_new_per_quarter,1,2,formed_triad,-0.04583333333333333,-0.11266472375855627,0.0209980570918896,0.27708333333333335,0.23125,037dcf6dccb3932f8037378af037d22f22ba138c,False,2026-09-25
calm,max_new_per_quarter,1,2,formed_chain,-0.09583333333333334,-0.3336283414945009,0.14196167482783417,2.7729166666666667,2.6770833333333335,037dcf6dccb3932f8037378af037d22f22ba138c,False,2026-09-25
calm,max_new_per_quarter,1,2,formed_network,0.0,0.0,0.0,0.0,0.0,037dcf6dccb3932f8037378af037d22f22ba138c,False,2026-09-25
calm,max_new_per_quarter,1,2,failed_acceptance,-14.797916666666667,-17.373709589561845,-12.22212374377149,79.67083333333333,64.87291666666667,037dcf6dccb3932f8037378af037d22f22ba138c,False,2026-09-25
calm,max_new_per_quarter,1,2,failed_budget,0.004166666666666667,-0.007987049156462776,0.016320382489796108,0.004166666666666667,0.008333333333333333,037dcf6dccb3932f8037378af037d22f22ba138c,False,2026-09-25
cm3_12w,budget_share,"(0.01, 0.04)","(0.05, 0.2)",d_network_profit,-399825.76622916857,-1091321.103331344,291669.5708730069,338187482.0950414,337787656.3288123,037dcf6dccb3932f8037378af037d22f22ba138c,False,2026-09-25
cm3_12w,budget_share,"(0.01, 0.04)","(0.05, 0.2)",d_network_profit_with_inventory,-404067.9239698728,-1084690.7977815687,276554.94984182314,300214277.78370476,299810209.8597349,037dcf6dccb3932f8037378af037d22f22ba138c,False,2026-09-25
cm3_12w,budget_share,"(0.01, 0.04)","(0.05, 0.2)",d_satisfaction_index,-3.3431764018157045e-06,-9.933682625548553e-06,3.247329821917145e-06,0.000589380585142687,0.0005860374087408714,037dcf6dccb3932f8037378af037d22f22ba138c,False,2026-09-25
cm3_12w,budget_share,"(0.01, 0.04)","(0.05, 0.2)",d_fill_rate,-6.5834917450634705e-06,-2.0268370242153938e-05,7.101386752026998e-06,0.0010973020673639194,0.001090718575618856,037dcf6dccb3932f8037378af037d22f22ba138c,False,2026-09-25
cm3_12w,budget_share,"(0.01, 0.04)","(0.05, 0.2)",costs_tech,9152.708229166517,-36752.10830959273,55057.52476792576,45200268.129041664,45209420.83727084,037dcf6dccb3932f8037378af037d22f22ba138c,False,2026-09-25
cm3_12w,budget_share,"(0.01, 0.04)","(0.05, 0.2)",adoptions,-0.05625,-0.12987699834034033,0.017376998340340323,90.675,90.61875,037dcf6dccb3932f8037378af037d22f22ba138c,False,2026-09-25
cm3_12w,budget_share,"(0.01, 0.04)","(0.05, 0.2)",coalitions,0.0020833333333333333,-0.007573755140350318,0.011740421807016984,4.052083333333333,4.054166666666666,037dcf6dccb3932f8037378af037d22f22ba138c,False,2026-09-25
cm3_12w,budget_share,"(0.01, 0.04)","(0.05, 0.2)",mean_adopt_week,-0.011711134936455163,-0.0689823204709216,0.04556005059801126,44.03356156390711,44.02185042897066,037dcf6dccb3932f8037378af037d22f22ba138c,False,2026-09-25
cm3_12w,budget_share,"(0.01, 0.04)","(0.05, 0.2)",adopt_ml_forecast,0.0020833333333333333,-0.007573755140350318,0.011740421807016984,19.785416666666666,19.7875,037dcf6dccb3932f8037378af037d22f22ba138c,False,2026-09-25
cm3_12w,budget_share,"(0.01, 0.04)","(0.05, 0.2)",adopt_control_tower,0.01875,-0.0034724315741605366,0.040972431574160535,37.35,37.36875,037dcf6dccb3932f8037378af037d22f22ba138c,False,2026-09-25
cm3_12w,budget_share,"(0.01, 0.04)","(0.05, 0.2)",adopt_rfid,0.0,0.0,0.0,22.170833333333334,22.170833333333334,037dcf6dccb3932f8037378af037d22f22ba138c,False,2026-09-25
cm3_12w,budget_share,"(0.01, 0.04)","(0.05, 0.2)",adopt_aps,0.0,0.0,0.0,0.0,0.0,037dcf6dccb3932f8037378af037d22f22ba138c,False,2026-09-25
cm3_12w,budget_share,"(0.01, 0.04)","(0.05, 0.2)",adopt_routing,0.004166666666666667,-0.006328985028293284,0.014662318361626618,5.820833333333334,5.825,037dcf6dccb3932f8037378af037d22f22ba138c,False,2026-09-25
cm3_12w,budget_share,"(0.01, 0.04)","(0.05, 0.2)",adopt_wh_robotics,0.0,0.0,0.0,0.0,0.0,037dcf6dccb3932f8037378af037d22f22ba138c,False,2026-09-25
cm3_12w,budget_share,"(0.01, 0.04)","(0.05, 0.2)",adopt_blockchain,-0.08125,-0.1738133231019423,0.011313323101942302,5.547916666666667,5.466666666666667,037dcf6dccb3932f8037378af037d22f22ba138c,False,2026-09-25
cm3_12w,budget_share,"(0.01, 0.04)","(0.05, 0.2)",adopt_risk_intel,0.0,0.0,0.0,0.0,0.0,037dcf6dccb3932f8037378af037d22f22ba138c,False,2026-09-25
cm3_12w,budget_share,"(0.01, 0.04)","(0.05, 0.2)",formed_dyad,0.008333333333333333,0.0002652616967555952,0.01640140496991107,0.8416666666666667,0.85,037dcf6dccb3932f8037378af037d22f22ba138c,False,2026-09-25
cm3_12w,budget_share,"(0.01, 0.04)","(0.05, 0.2)",formed_triad,0.0020833333333333333,-0.00757375514035032,0.011740421807016985,0.3,0.3020833333333333,037dcf6dccb3932f8037378af037d22f22ba138c,False,2026-09-25
cm3_12w,budget_share,"(0.01, 0.04)","(0.05, 0.2)",formed_chain,-0.008333333333333333,-0.018464862523955128,0.0017981958572884597,2.910416666666667,2.902083333333333,037dcf6dccb3932f8037378af037d22f22ba138c,False,2026-09-25
cm3_12w,budget_share,"(0.01, 0.04)","(0.05, 0.2)",formed_network,0.0,0.0,0.0,0.0,0.0,037dcf6dccb3932f8037378af037d22f22ba138c,False,2026-09-25
cm3_12w,budget_share,"(0.01, 0.04)","(0.05, 0.2)",failed_acceptance,0.1125,-0.08045372117356799,0.305453721173568,74.67083333333333,74.78333333333333,037dcf6dccb3932f8037378af037d22f22ba138c,False,2026-09-25
cm3_12w,budget_share,"(0.01, 0.04)","(0.05, 0.2)",failed_budget,-0.016666666666666666,-0.028820382489796112,-0.004512950843537223,0.016666666666666666,0.0,037dcf6dccb3932f8037378af037d22f22ba138c,False,2026-09-25
cm3_12w,horizon_weeks,"(13, 52)","(52, 156)",d_network_profit,39371396.71481207,22059593.70739036,56683199.72223378,318301870.8545208,357673267.5693329,037dcf6dccb3932f8037378af037d22f22ba138c,False,2026-09-25
cm3_12w,horizon_weeks,"(13, 52)","(52, 156)",d_network_profit_with_inventory,28431554.244922064,13854032.138243835,43009076.35160029,285796466.69925886,314228020.9441809,037dcf6dccb3932f8037378af037d22f22ba138c,False,2026-09-25
cm3_12w,horizon_weeks,"(13, 52)","(52, 156)",d_satisfaction_index,0.00016276422689931157,8.805797622449142e-05,0.0002374704775741317,0.0005063268834921234,0.0006690911103914351,037dcf6dccb3932f8037378af037d22f22ba138c,False,2026-09-25
cm3_12w,horizon_weeks,"(13, 52)","(52, 156)",d_fill_rate,0.0002363536030096855,9.668906215155331e-05,0.0003760181438678177,0.0009758335199865451,0.0012121871229962306,037dcf6dccb3932f8037378af037d22f22ba138c,False,2026-09-25
cm3_12w,horizon_weeks,"(13, 52)","(52, 156)",costs_tech,10812824.387020834,9904899.579396956,11720749.194644712,39798432.289645836,50611256.676666655,037dcf6dccb3932f8037378af037d22f22ba138c,False,2026-09-25
cm3_12w,horizon_weeks,"(13, 52)","(52, 156)",adoptions,36.35208333333333,33.171014841977616,39.53315182468905,72.47083333333333,108.82291666666667,037dcf6dccb3932f8037378af037d22f22ba138c,False,2026-09-25
cm3_12w,horizon_weeks,"(13, 52)","(52, 156)",coalitions,3.21875,2.9009865713107654,3.5365134286892346,2.44375,5.6625,037dcf6dccb3932f8037378af037d22f22ba138c,False,2026-09-25
cm3_12w,horizon_weeks,"(13, 52)","(52, 156)",mean_adopt_week,1.6414219839281372,0.09945068790935863,3.183393279946916,43.2069950044748,44.84841698840294,037dcf6dccb3932f8037378af037d22f22ba138c,False,2026-09-25
cm3_12w,horizon_weeks,"(13, 52)","(52, 156)",adopt_ml_forecast,2.1729166666666666,1.5946694460344775,2.7511638872988557,18.7,20.872916666666665,037dcf6dccb3932f8037378af037d22f22ba138c,False,2026-09-25
cm3_12w,horizon_weeks,"(13, 52)","(52, 156)",adopt_control_tower,20.660416666666666,17.58493458779843,23.735898745534904,27.029166666666665,47.68958333333333,037dcf6dccb3932f8037378af037d22f22ba138c,False,2026-09-25
cm3_12w,horizon_weeks,"(13, 52)","(52, 156)",adopt_rfid,0.6,0.34484554802897877,0.8551544519710212,21.870833333333334,22.470833333333335,037dcf6dccb3932f8037378af037d22f22ba138c,False,2026-09-25
cm3_12w,horizon_weeks,"(13, 52)","(52, 156)",adopt_aps,0.0,0.0,0.0,0.0,0.0,037dcf6dccb3932f8037378af037d22f22ba138c,False,2026-09-25
cm3_12w,horizon_weeks,"(13, 52)","(52, 156)",adopt_routing,1.9041666666666666,1.6185839307701393,2.189749402563194,4.870833333333334,6.775,037dcf6dccb3932f8037378af037d22f22ba138c,False,2026-09-25
cm3_12w,horizon_weeks,"(13, 52)","(52, 156)",adopt_wh_robotics,0.0,0.0,0.0,0.0,0.0,037dcf6dccb3932f8037378af037d22f22ba138c,False,2026-09-25
cm3_12w,horizon_weeks,"(13, 52)","(52, 156)",adopt_blockchain,11.014583333333333,9.222013948301498,12.807152718365167,0.0,11.014583333333333,037dcf6dccb3932f8037378af037d22f22ba138c,False,2026-09-25
cm3_12w,horizon_weeks,"(13, 52)","(52, 156)",adopt_risk_intel,0.0,0.0,0.0,0.0,0.0,037dcf6dccb3932f8037378af037d22f22ba138c,False,2026-09-25
cm3_12w,horizon_weeks,"(13, 52)","(52, 156)",formed_dyad,1.0541666666666667,0.8501140099949055,1.2582193233384278,0.31875,1.3729166666666666,037dcf6dccb3932f8037378af037d22f22ba138c,False,2026-09-25
cm3_12w,horizon_weeks,"(13, 52)","(52, 156)",formed_triad,0.15208333333333332,0.06902875508684322,0.23513791157982342,0.225,0.3770833333333333,037dcf6dccb3932f8037378af037d22f22ba138c,False,2026-09-25
cm3_12w,horizon_weeks,"(13, 52)","(52, 156)",formed_chain,2.0125,1.710015589630601,2.3149844103693993,1.9,3.9125,037dcf6dccb3932f8037378af037d22f22ba138c,False,2026-09-25
cm3_12w,horizon_weeks,"(13, 52)","(52, 156)",formed_network,0.0,0.0,0.0,0.0,0.0,037dcf6dccb3932f8037378af037d22f22ba138c,False,2026-09-25
cm3_12w,horizon_weeks,"(13, 52)","(52, 156)",failed_acceptance,-4.108333333333333,-7.231310442713484,-0.9853562239531826,76.78125,72.67291666666667,037dcf6dccb3932f8037378af037d22f22ba138c,False,2026-09-25
cm3_12w,horizon_weeks,"(13, 52)","(52, 156)",failed_budget,0.008333333333333333,-0.004999186734356944,0.02166585340102361,0.004166666666666667,0.0125,037dcf6dccb3932f8037378af037d22f22ba138c,False,2026-09-25
cm3_12w,chain_accept_share,0.4,0.8,d_network_profit,-9545964.383145476,-15643386.904828725,-3448541.861462226,342760551.40349966,333214587.0203541,037dcf6dccb3932f8037378af037d22f22ba138c,False,2026-09-25
cm3_12w,chain_accept_share,0.4,0.8,d_network_profit_with_inventory,-7955046.727570979,-13204867.43397903,-2705226.021162928,303989767.1855053,296034720.4579343,037dcf6dccb3932f8037378af037d22f22ba138c,False,2026-09-25
cm3_12w,chain_accept_share,0.4,0.8,d_satisfaction_index,-9.332455915162357e-05,-0.00013602508487980204,-5.062403342344509e-05,0.000634371276517591,0.0005410467173659674,037dcf6dccb3932f8037378af037d22f22ba138c,False,2026-09-25
cm3_12w,chain_accept_share,0.4,0.8,d_fill_rate,-0.00016410868009088345,-0.0002474266087555329,-8.0790751426234e-05,0.0011760646615368295,0.0010119559814459461,037dcf6dccb3932f8037378af037d22f22ba138c,False,2026-09-25
cm3_12w,chain_accept_share,0.4,0.8,costs_tech,-3667214.3786041667,-4255955.3561407,-3078473.401067633,47038451.67245833,43371237.29385416,037dcf6dccb3932f8037378af037d22f22ba138c,False,2026-09-25
cm3_12w,chain_accept_share,0.4,0.8,adoptions,-12.164583333333333,-14.564831907180288,-9.764334759486378,96.72916666666667,84.56458333333333,037dcf6dccb3932f8037378af037d22f22ba138c,False,2026-09-25
cm3_12w,chain_accept_share,0.4,0.8,coalitions,-1.5895833333333333,-1.8235533981245813,-1.3556132685420854,4.847916666666666,3.2583333333333333,037dcf6dccb3932f8037378af037d22f22ba138c,False,2026-09-25
cm3_12w,chain_accept_share,0.4,0.8,mean_adopt_week,3.751150808259693,2.5427171587607975,4.959584457758588,42.15213059230903,45.903281400568716,037dcf6dccb3932f8037378af037d22f22ba138c,False,2026-09-25
cm3_12w,chain_accept_share,0.4,0.8,adopt_ml_forecast,0.21458333333333332,0.0025033384529151714,0.42666332821375147,19.679166666666667,19.89375,037dcf6dccb3932f8037378af037d22f22ba138c,False,2026-09-25
cm3_12w,chain_accept_share,0.4,0.8,adopt_control_tower,-12.16875,-14.633444689187346,-9.704055310812652,43.44375,31.275,037dcf6dccb3932f8037378af037d22f22ba138c,False,2026-09-25
cm3_12w,chain_accept_share,0.4,0.8,adopt_rfid,-0.025,-0.09031574230251643,0.04031574230251644,22.183333333333334,22.158333333333335,037dcf6dccb3932f8037378af037d22f22ba138c,False,2026-09-25
cm3_12w,chain_accept_share,0.4,0.8,adopt_aps,0.0,0.0,0.0,0.0,0.0,037dcf6dccb3932f8037378af037d22f22ba138c,False,2026-09-25
cm3_12w,chain_accept_share,0.4,0.8,adopt_routing,-0.016666666666666666,-0.11237820056986188,0.07904486723652855,5.83125,5.814583333333333,037dcf6dccb3932f8037378af037d22f22ba138c,False,2026-09-25
cm3_12w,chain_accept_share,0.4,0.8,adopt_wh_robotics,0.0,0.0,0.0,0.0,0.0,037dcf6dccb3932f8037378af037d22f22ba138c,False,2026-09-25
cm3_12w,chain_accept_share,0.4,0.8,adopt_blockchain,-0.16875,-0.8520348978647587,0.5145348978647588,5.591666666666667,5.422916666666667,037dcf6dccb3932f8037378af037d22f22ba138c,False,2026-09-25
cm3_12w,chain_accept_share,0.4,0.8,adopt_risk_intel,0.0,0.0,0.0,0.0,0.0,037dcf6dccb3932f8037378af037d22f22ba138c,False,2026-09-25
cm3_12w,chain_accept_share,0.4,0.8,formed_dyad,-0.20833333333333334,-0.3615776902091153,-0.0550889764575514,0.95,0.7416666666666667,037dcf6dccb3932f8037378af037d22f22ba138c,False,2026-09-25
cm3_12w,chain_accept_share,0.4,0.8,formed_triad,-0.22291666666666668,-0.34388859875027616,-0.10194473458305718,0.4125,0.18958333333333333,037dcf6dccb3932f8037378af037d22f22ba138c,False,2026-09-25
cm3_12w,chain_accept_share,0.4,0.8,formed_chain,-1.1583333333333334,-1.3998110937696122,-0.9168555728970545,3.4854166666666666,2.3270833333333334,037dcf6dccb3932f8037378af037d22f22ba138c,False,2026-09-25
cm3_12w,chain_accept_share,0.4,0.8,formed_network,0.0,0.0,0.0,0.0,0.0,037dcf6dccb3932f8037378af037d22f22ba138c,False,2026-09-25
cm3_12w,chain_accept_share,0.4,0.8,failed_acceptance,28.333333333333332,25.702830735904428,30.963835930762237,60.56041666666667,88.89375,037dcf6dccb3932f8037378af037d22f22ba138c,False,2026-09-25
cm3_12w,chain_accept_share,0.4,0.8,failed_budget,-0.0125,-0.02199367416430178,-0.003006325835698223,0.014583333333333334,0.0020833333333333333,037dcf6dccb3932f8037378af037d22f22ba138c,False,2026-09-25
cm3_12w,cost_split,equal,by_size,d_network_profit,-5044334.115604385,-13472017.74409711,3383349.512888341,340509736.26972896,335465402.1541247,037dcf6dccb3932f8037378af037d22f22ba138c,False,2026-09-25
cm3_12w,cost_split,equal,by_size,d_network_profit_with_inventory,-1668921.999917253,-8699933.3754064,5362089.3755718935,300846704.8216785,299177782.82176125,037dcf6dccb3932f8037378af037d22f22ba138c,False,2026-09-25
cm3_12w,cost_split,equal,by_size,d_satisfaction_index,1.020780035366232e-05,-3.831875065193184e-05,5.873435135925647e-05,0.0005826050967649481,0.0005928128971186104,037dcf6dccb3932f8037378af037d22f22ba138c,False,2026-09-25
cm3_12w,cost_split,equal,by_size,d_fill_rate,7.4252951662777865e-06,-8.332749360116574e-05,9.817808393372132e-05,0.001090297673908249,0.0010977229690745268,037dcf6dccb3932f8037378af037d22f22ba138c,False,2026-09-25
cm3_12w,cost_split,equal,by_size,costs_tech,893501.0336875002,218657.5945263619,1568344.4728486384,44758093.966312505,45651595.0,037dcf6dccb3932f8037378af037d22f22ba138c,False,2026-09-25
cm3_12w,cost_split,equal,by_size,adoptions,20.939583333333335,18.47288327896023,23.40628338770644,80.17708333333333,101.11666666666666,037dcf6dccb3932f8037378af037d22f22ba138c,False,2026-09-25
cm3_12w,cost_split,equal,by_size,coalitions,-0.07291666666666667,-0.3839512321359993,0.23811789880266593,4.089583333333334,4.016666666666667,037dcf6dccb3932f8037378af037d22f22ba138c,False,2026-09-25
cm3_12w,cost_split,equal,by_size,mean_adopt_week,-3.4609188482236486,-4.531509140847845,-2.390328555599452,45.75816542055069,42.29724657232703,037dcf6dccb3932f8037378af037d22f22ba138c,False,2026-09-25
cm3_12w,cost_split,equal,by_size,adopt_ml_forecast,0.035416666666666666,-0.11440142951665645,0.1852347628499898,19.76875,19.804166666666667,037dcf6dccb3932f8037378af037d22f22ba138c,False,2026-09-25
cm3_12w,cost_split,equal,by_size,adopt_control_tower,18.65625,16.42770604088663,20.88479395911337,28.03125,46.6875,037dcf6dccb3932f8037378af037d22f22ba138c,False,2026-09-25
cm3_12w,cost_split,equal,by_size,adopt_rfid,-0.016666666666666666,-0.06680269511109051,0.03346936177775717,22.179166666666667,22.1625,037dcf6dccb3932f8037378af037d22f22ba138c,False,2026-09-25
cm3_12w,cost_split,equal,by_size,adopt_aps,0.0,0.0,0.0,0.0,0.0,037dcf6dccb3932f8037378af037d22f22ba138c,False,2026-09-25
cm3_12w,cost_split,equal,by_size,adopt_routing,-0.029166666666666667,-0.13666852499953064,0.07833519166619729,5.8375,5.808333333333334,037dcf6dccb3932f8037378af037d22f22ba138c,False,2026-09-25
cm3_12w,cost_split,equal,by_size,adopt_wh_robotics,0.0,0.0,0.0,0.0,0.0,037dcf6dccb3932f8037378af037d22f22ba138c,False,2026-09-25
cm3_12w,cost_split,equal,by_size,adopt_blockchain,2.29375,1.2762913725009142,3.311208627499086,4.360416666666667,6.654166666666667,037dcf6dccb3932f8037378af037d22f22ba138c,False,2026-09-25
cm3_12w,cost_split,equal,by_size,adopt_risk_intel,0.0,0.0,0.0,0.0,0.0,037dcf6dccb3932f8037378af037d22f22ba138c,False,2026-09-25
cm3_12w,cost_split,equal,by_size,formed_dyad,-0.6916666666666667,-0.8865119779842165,-0.49682135534911676,1.1916666666666667,0.5,037dcf6dccb3932f8037378af037d22f22ba138c,False,2026-09-25
cm3_12w,cost_split,equal,by_size,formed_triad,-0.15208333333333332,-0.24291290288406558,-0.06125376378260104,0.3770833333333333,0.225,037dcf6dccb3932f8037378af037d22f22ba138c,False,2026-09-25
cm3_12w,cost_split,equal,by_size,formed_chain,0.7708333333333334,0.5818188609892622,0.9598478056774046,2.5208333333333335,3.2916666666666665,037dcf6dccb3932f8037378af037d22f22ba138c,False,2026-09-25
cm3_12w,cost_split,equal,by_size,formed_network,0.0,0.0,0.0,0.0,0.0,037dcf6dccb3932f8037378af037d22f22ba138c,False,2026-09-25
cm3_12w,cost_split,equal,by_size,failed_acceptance,-23.604166666666668,-26.016727123721985,-21.19160620961135,86.52916666666667,62.925,037dcf6dccb3932f8037378af037d22f22ba138c,False,2026-09-25
cm3_12w,cost_split,equal,by_size,failed_budget,-0.016666666666666666,-0.028820382489796112,-0.004512950843537223,0.016666666666666666,0.0,037dcf6dccb3932f8037378af037d22f22ba138c,False,2026-09-25
cm3_12w,max_new_per_quarter,1,2,d_network_profit,46913398.473645575,19191328.711064078,74635468.23622707,314530869.97510403,361444268.4487496,037dcf6dccb3932f8037378af037d22f22ba138c,False,2026-09-25
cm3_12w,max_new_per_quarter,1,2,d_network_profit_with_inventory,46567446.61875451,19498022.88538266,73636870.35212636,276728520.5123426,323295967.1310971,037dcf6dccb3932f8037378af037d22f22ba138c,False,2026-09-25
cm3_12w,max_new_per_quarter,1,2,d_satisfaction_index,0.0002922295153133754,0.0001619221603140488,0.00042253687031270195,0.00044159423928509154,0.0007338237545984669,037dcf6dccb3932f8037378af037d22f22ba138c,False,2026-09-25
cm3_12w,max_new_per_quarter,1,2,d_fill_rate,0.0005130819028651113,0.00026768595147469546,0.0007584778542555272,0.0008374693700588322,0.0013505512729239434,037dcf6dccb3932f8037378af037d22f22ba138c,False,2026-09-25
cm3_12w,max_new_per_quarter,1,2,costs_tech,5616472.711604167,4983129.953804449,6249815.469403884,42396608.127354175,48013080.838958345,037dcf6dccb3932f8037378af037d22f22ba138c,False,2026-09-25
cm3_12w,max_new_per_quarter,1,2,adoptions,6.152083333333334,2.552575817814694,9.751590848851974,87.57083333333334,93.72291666666666,037dcf6dccb3932f8037378af037d22f22ba138c,False,2026-09-25
cm3_12w,max_new_per_quarter,1,2,coalitions,0.5520833333333334,0.260878429690004,0.8432882369766628,3.777083333333333,4.329166666666667,037dcf6dccb3932f8037378af037d22f22ba138c,False,2026-09-25
cm3_12w,max_new_per_quarter,1,2,mean_adopt_week,-13.138908617374332,-14.80100237688516,-11.476814857863504,50.59716030512604,37.458251687751705,037dcf6dccb3932f8037378af037d22f22ba138c,False,2026-09-25
cm3_12w,max_new_per_quarter,1,2,adopt_ml_forecast,1.1645833333333333,0.15370979240377336,2.1754568742628932,19.204166666666666,20.36875,037dcf6dccb3932f8037378af037d22f22ba138c,False,2026-09-25
cm3_12w,max_new_per_quarter,1,2,adopt_control_tower,2.785416666666667,0.058954190868912626,5.511879142464421,35.96666666666667,38.75208333333333,037dcf6dccb3932f8037378af037d22f22ba138c,False,2026-09-25
cm3_12w,max_new_per_quarter,1,2,adopt_rfid,0.10833333333333334,-0.1700038947693635,0.3866705614360302,22.116666666666667,22.225,037dcf6dccb3932f8037378af037d22f22ba138c,False,2026-09-25
cm3_12w,max_new_per_quarter,1,2,adopt_aps,0.0,0.0,0.0,0.0,0.0,037dcf6dccb3932f8037378af037d22f22ba138c,False,2026-09-25
cm3_12w,max_new_per_quarter,1,2,adopt_routing,0.004166666666666667,-0.3622394161223466,0.3705727494556799,5.820833333333334,5.825,037dcf6dccb3932f8037378af037d22f22ba138c,False,2026-09-25
cm3_12w,max_new_per_quarter,1,2,adopt_wh_robotics,0.0,0.0,0.0,0.0,0.0,037dcf6dccb3932f8037378af037d22f22ba138c,False,2026-09-25
cm3_12w,max_new_per_quarter,1,2,adopt_blockchain,2.089583333333333,0.6742258988776169,3.5049407677890496,4.4625,6.552083333333333,037dcf6dccb3932f8037378af037d22f22ba138c,False,2026-09-25
cm3_12w,max_new_per_quarter,1,2,adopt_risk_intel,0.0,0.0,0.0,0.0,0.0,037dcf6dccb3932f8037378af037d22f22ba138c,False,2026-09-25
cm3_12w,max_new_per_quarter,1,2,formed_dyad,0.3375,0.17833342552998102,0.49666657447001905,0.6770833333333334,1.0145833333333334,037dcf6dccb3932f8037378af037d22f22ba138c,False,2026-09-25
cm3_12w,max_new_per_quarter,1,2,formed_triad,-0.03125,-0.13822949866832834,0.07572949866832834,0.31666666666666665,0.28541666666666665,037dcf6dccb3932f8037378af037d22f22ba138c,False,2026-09-25
cm3_12w,max_new_per_quarter,1,2,formed_chain,0.24583333333333332,0.01777647602264598,0.47389019064402066,2.783333333333333,3.029166666666667,037dcf6dccb3932f8037378af037d22f22ba138c,False,2026-09-25
cm3_12w,max_new_per_quarter,1,2,formed_network,0.0,0.0,0.0,0.0,0.0,037dcf6dccb3932f8037378af037d22f22ba138c,False,2026-09-25
cm3_12w,max_new_per_quarter,1,2,failed_acceptance,-15.45,-18.054368794644205,-12.845631205355792,82.45208333333333,67.00208333333333,037dcf6dccb3932f8037378af037d22f22ba138c,False,2026-09-25
cm3_12w,max_new_per_quarter,1,2,failed_budget,0.008333333333333333,-0.004999186734356944,0.02166585340102361,0.004166666666666667,0.0125,037dcf6dccb3932f8037378af037d22f22ba138c,False,2026-09-25
