scenario,tech,effect_scale,profit_with_inventory,profit,ci_low,ci_high,satisfaction,fill_rate,costs_tech,profit_cost_x0.5,profit_cost_x2,breakeven_cost_mult
calm,aps,0.5,7776351.292886098,-15909898.750332642,-35855676.88533349,4035879.384668205,0.0005007622371276388,0.0010055017949191132,13824000.0,-8997898.750332642,-29733898.750332642,-0.1508896665460535
calm,aps,1.0,20025399.191277314,-22100205.947332762,-49663092.23146203,5462680.3367965035,0.0008167816059385139,0.0016259222924293012,13824000.0,-15188205.947332762,-35924205.94733276,-0.5986838792920111
calm,aps,1.5,24045395.404251862,-24077663.861333467,-55259852.8479874,7104525.125320468,0.001006067728895854,0.0020013069884942335,13824000.0,-17165663.861333467,-37901663.86133347,-0.7417291566358122
calm,blockchain,0.5,157309888.09854838,153434429.0980011,152794720.36633474,154074137.82966745,0.00047960126751127964,1.333082207066738e-06,10751999.94,158810429.0680011,142682429.1580011,15.270315285920761
calm,blockchain,1.0,321317020.85150886,313612653.32233375,312481819.50109273,314743487.1435748,0.000954660405800863,1.819464526287007e-06,10751999.94,318988653.2923338,302860653.38233376,30.167843663728085
calm,blockchain,1.5,481445174.59530234,469736630.815667,468179215.38076395,471294046.25057,0.001426039727620961,2.140030429361358e-06,10751999.94,475112630.785667,458984630.875667,44.68830296102727
calm,control_tower,0.5,29386430.332415517,27688018.412000276,5925614.738146573,49450422.08585398,0.0004731372553758217,0.0009028026799641542,35072000.15999999,45224018.49200027,-7383981.747999713,1.7894622002077536
calm,control_tower,1.0,62782973.65471242,91467891.18966675,64312079.43750396,118623702.94182953,0.000523565376967879,0.0009659579061556715,35072000.15999999,109003891.26966675,56395891.02966676,3.608003272479079
calm,control_tower,1.5,65431518.34060516,108221448.07533391,80503305.61218154,135939590.53848627,0.0004583657318581902,0.0008179020927282103,35072000.15999999,125757448.1553339,73149447.91533393,4.085693646830034
calm,ml_forecast,0.5,-5289231.738465627,-15401286.028999329,-31316197.17023994,513625.1122412812,0.00019037307574214143,0.0003192990503506965,18944000.019999996,-5929286.018999331,-34345286.048999324,0.18700981773967862
calm,ml_forecast,1.0,-7326362.238159942,-20133638.692666117,-44488780.599942304,4221503.21461007,0.0002515483368546752,0.0004305425796276019,18944000.019999996,-10661638.68266612,-39077638.71266611,-0.06279764946210764
calm,ml_forecast,1.5,-14782087.55469691,-32435684.67366638,-61538008.74558644,-3333360.6017463207,0.00026104899230923554,0.00043878269633028285,18944000.019999996,-22963684.663666382,-51379684.693666376,-0.7121877449019549
calm,rfid,0.5,42576092.44856644,72577218.6540006,56763350.4657178,88391086.8422834,-8.33395361885055e-05,-0.00013832065797124703,13824000.0,79489218.6540006,58753218.654000595,6.25008815494796
calm,rfid,1.0,82995624.64506505,123137475.04533386,97265441.21364504,149009508.87702268,-7.954466780606776e-05,-0.000127225549368822,13824000.0,130049475.04533386,109313475.04533386,9.907514109182136
calm,rfid,1.5,116914269.18697307,156325349.5600006,130412517.47767368,182238181.64232752,-5.210776708004516e-05,-7.244167660681218e-05,13824000.0,163237349.5600006,142501349.5600006,12.308257346643561
calm,risk_intel,0.5,-8192000.0,-8192000.0,-8192000.0,-8192000.0,0.0,0.0,8192000.0,-4096000.0,-16384000.0,0.0
calm,risk_intel,1.0,-8192000.0,-8192000.0,-8192000.0,-8192000.0,0.0,0.0,8192000.0,-4096000.0,-16384000.0,0.0
calm,risk_intel,1.5,-8192000.0,-8192000.0,-8192000.0,-8192000.0,0.0,0.0,8192000.0,-4096000.0,-16384000.0,0.0
calm,routing,0.5,218627980.37533468,218627980.3753344,217392826.43854642,219863134.3121224,0.0,0.0,7168000.0,222211980.3753344,211459980.3753344,31.500555297898217
calm,routing,1.0,444423960.6660016,444423960.6660006,441953652.79682475,446894268.53517646,0.0,0.0,7168000.0,448007960.6660006,437255960.6660006,63.001110583984456
calm,routing,1.5,670219940.9683342,670219940.968334,666514479.1405115,673925402.7961564,0.0,0.0,7168000.0,673803940.968334,663051940.968334,94.50166587169838
calm,wh_robotics,0.5,49104571.993463136,49753446.98766606,36758834.473016076,62748059.50231605,0.003374356154084087,0.001141744527776726,19360000.0,59433446.98766606,30393446.987666063,3.569909451842255
calm,wh_robotics,1.0,123816438.68268585,125510017.1603335,103299291.05670671,147720743.2639603,0.006685954014255424,0.002364534542609472,19360000.0,135190017.1603335,106150017.1603335,7.482955431835408
calm,wh_robotics,1.5,182402073.73791784,181975507.55033392,152230808.08548668,211720207.01518115,0.009539271504720722,0.0033297152650516916,19360000.0,191655507.55033392,162615507.55033392,10.399561340409809
cm3_12w,aps,0.5,225660469.49413222,202001951.39933318,153075527.74456683,250928375.05409953,0.0022103256598377643,0.004379523069095041,13824000.0,208913951.39933318,188177951.39933318,15.612409678771208
cm3_12w,aps,1.0,386650928.2191297,344562937.7019994,273316567.1960625,415809308.20793635,0.0037015308449443378,0.007319875347353081,13824000.0,351474937.7019994,330738937.7019994,25.924981025896948
cm3_12w,aps,1.5,503360421.5686353,455265034.8046672,377786625.09103775,532743444.5182966,0.004771786875439358,0.009433623277604641,13824000.0,462177034.8046672,441441034.8046672,33.93294522603206
cm3_12w,blockchain,0.5,154569960.45943934,150690645.94066697,146980717.8089628,154400574.07237116,0.000511485012911661,5.2308030689041106e-05,10751999.94,156066645.91066697,139938646.00066698,15.015127118822043
cm3_12w,blockchain,1.0,314021817.8317347,306302704.9753347,300351826.19850874,312253583.75216067,0.0010072846121163437,7.394053802692127e-05,10751999.94,311678704.94533473,295550705.0353347,29.48797495206596
cm3_12w,blockchain,1.5,470340256.29149425,458617702.1400004,451474288.34128207,465761115.93871874,0.0014989956064828224,0.00010426617552464768,10751999.94,463993702.11000043,447865702.2000004,43.65417640432022
cm3_12w,control_tower,0.5,78746070.69497833,77077552.46533304,49330825.111766696,104824279.8188994,0.0011203590233271703,0.0020793132427198305,35072000.15999999,94613552.54533304,42005552.305333056,3.1976948025120295
cm3_12w,control_tower,1.0,91385405.73721465,120099868.54533386,79747540.96554951,160452196.1251182,0.0011780875453254755,0.002150019987361292,35072000.15999999,137635868.62533385,85027868.38533387,4.424380360328269
cm3_12w,control_tower,1.5,88852650.63856989,131672119.5286672,88089743.86367334,175254495.19366103,0.0011424785396644968,0.002045918128340596,35072000.15999999,149208119.6086672,96600119.36866722,4.754337332572231
cm3_12w,ml_forecast,0.5,32275795.44792328,22197272.91299998,-16331360.063101918,60725905.88910188,0.0005443512856332933,0.0009491615115938064,18944000.019999996,31669272.922999978,3253272.8929999843,2.1717310435792525
cm3_12w,ml_forecast,1.0,48678890.55408656,35902746.47799988,-20644876.233551063,92450369.18955082,0.0007961910789087294,0.001403890034641649,18944000.019999996,45374746.48799988,16958746.457999885,2.8952040984003276
cm3_12w,ml_forecast,1.5,37148342.712478384,19524315.418000795,-45176383.17257644,84225014.00857803,0.0007970906675346057,0.0013846228420869911,18944000.019999996,28996315.428000793,580315.3980007991,2.030633202987127
cm3_12w,rfid,0.5,17356976.823483277,47418961.4299998,24882046.495411266,69955876.36458834,-0.00024229192314400387,-0.0004860968554223799,13824000.0,54330961.4299998,33594961.4299998,4.430191075665494
cm3_12w,rfid,1.0,51094786.67998733,91342687.85733388,53277900.48275216,129407475.23191561,-0.00029305246002944523,-0.000586554960753601,13824000.0,98254687.85733388,77518687.85733388,7.607543971161305
cm3_12w,rfid,1.5,90498960.96394323,130057711.27466685,91661057.45313218,168454365.0962015,-0.00022112979136512296,-0.0004452994661340452,13824000.0,136969711.27466685,116233711.27466685,10.408109901234582
cm3_12w,risk_intel,0.5,259763284.69443893,259748662.90400085,221642882.3284458,297854443.4795559,0.002246741859541638,0.004456016236315848,8192000.0,263844662.90400085,251556662.90400085,32.70760045214854
cm3_12w,risk_intel,1.0,575376775.3322552,575347894.8686676,528246016.1760442,622449773.561291,0.004688543181254922,0.00930345326191053,8192000.0,579443894.8686676,567155894.8686676,71.2328973228354
cm3_12w,risk_intel,1.5,887268638.9451783,887302267.0106664,834047739.9479901,940556794.0733427,0.00710510201583859,0.014145146072112695,8192000.0,891398267.0106664,879110267.0106664,109.31326501595048
cm3_12w,routing,0.5,211419981.98466694,211419981.9846667,210200143.97060958,212639819.99872383,0.0,0.0,7168000.0,215003981.9846667,204251981.9846667,30.494975165271583
cm3_12w,routing,1.0,430007964.0239993,430007964.0239995,427568287.9983199,432447640.0496791,0.0,0.0,7168000.0,433591964.0239995,422839964.0239995,60.98995033816958
cm3_12w,routing,1.5,648595946.0140002,648595946.0140002,644936431.9673915,652255460.0606089,0.0,0.0,7168000.0,652179946.0140002,641427946.0140002,91.4849255041853
cm3_12w,wh_robotics,0.5,46357388.906937405,47028778.959000655,35488118.59849675,58569439.31950456,0.0033551516689965476,0.0010926290189073762,19360000.0,56708778.959000655,27668778.959000655,3.4291724668905297
cm3_12w,wh_robotics,1.0,119007151.08610865,120734222.58166708,101786878.25868349,139681566.90465066,0.006628833175124719,0.0022674577285629383,19360000.0,130414222.58166708,101374222.58166708,7.2362718275654485
cm3_12w,wh_robotics,1.5,176627786.1481242,176251923.41733372,149349037.88198805,203154808.9526794,0.009478815811704606,0.0032157495520144836,19360000.0,185931923.41733372,156891923.41733372,10.103921664118477
