tech,scope,firms,measure,mean,ci_low,ci_high,base_mean
aps,all,6,network_profit,-32224597.90799942,-57462521.95443184,-6986673.861566998,32433544113.311333
aps,all,6,satisfaction_index,0.0008194920834625364,0.0006706777579384419,0.0009683064089866309,0.9615006629437413
aps,all,6,fill_rate,0.0016257240769002369,0.001324465572101138,0.0019269825816993357,0.9835936788846085
aps,all,6,retail_on_time_rate,4.386523249281238e-05,-2.713143166586057e-05,0.00011486189665148533,0.9134991801295925
aps,all,6,quality_mean,-3.26476236770142e-05,-6.378971958804323e-05,-1.505527765985184e-06,0.9782703473127962
aps,all,6,co2_kg,10060256.96924626,6281252.591817394,13839261.346675128,2975469535.6679535
aps,all,6,costs_tech,13824000.0,13824000.0,13824000.0,0.0
aps,all,6,costs_holding,44914817.68166664,40898660.450173,48930974.91316029,1071385462.8423334
aps,all,6,costs_shipping,17353385.04666675,11234431.606235739,23472338.48709776,4465750363.3359995
aps,all,6,costs_stockout,-26647660.799333327,-31588655.82723647,-21706665.771430183,268897126.5156667
aps,all,6,costs_scrap,27565418.85900003,24940183.91619746,30190653.8018026,2473340547.9873333
aps,all,6,costs_handling,4292.6973333333,3560.2923308412674,5025.102335825332,2161723.145
aps,all,6,bullwhip_DC,-0.0259289349505717,-0.03997999800906769,-0.01187787189207571,8.097125892948798
aps,all,6,bullwhip_MFG,-1.3190469963293183,-1.62817705658471,-1.0099169360739266,23.942497547522198
aps,all,6,bullwhip_CM,-10.533410135541322,-12.755300000806823,-8.311520270275821,106.58600832614181
aps,tier,2,network_profit,-26210151.097333018,-47907366.414158136,-4512935.780507896,32433544113.311333
aps,tier,2,satisfaction_index,0.0005794632777508283,0.00046901683282910076,0.0006899097226725559,0.9615006629437413
aps,tier,2,fill_rate,0.0011305388732202992,0.0009100394939989102,0.0013510382524416881,0.9835936788846085
aps,tier,2,retail_on_time_rate,1.468846934255715e-05,-4.7539617694840176e-05,7.691655637995447e-05,0.9134991801295925
aps,tier,2,quality_mean,4.8936501689448665e-05,1.9148085633402703e-05,7.872491774549463e-05,0.9782703473127962
aps,tier,2,co2_kg,5893163.320995713,3468347.533673709,8317979.108317716,2975469535.6679535
aps,tier,2,costs_tech,7680000.0,7680000.0,7680000.0,0.0
aps,tier,2,costs_holding,28687633.989999983,25566097.876619413,31809170.103380553,1071385462.8423334
aps,tier,2,costs_shipping,10108115.958666738,6161639.614614772,14054592.302718705,4465750363.3359995
aps,tier,2,costs_stockout,-18531126.441333335,-22147352.912805147,-14914899.969861522,268897126.5156667
aps,tier,2,costs_scrap,18942429.180000003,16412428.785117928,21472429.57488208,2473340547.9873333
aps,tier,2,costs_handling,3101.1503333333103,2500.9301705072658,3701.370496159355,2161723.145
aps,tier,2,bullwhip_DC,-0.01447401917760806,-0.025679722514853728,-0.0032683158403623916,8.097125892948798
aps,tier,2,bullwhip_MFG,-0.7576833136690646,-0.993901744574127,-0.5214648827640022,23.942497547522198
aps,tier,2,bullwhip_CM,-6.729961357588989,-8.058910353887367,-5.4010123612906105,106.58600832614181
blockchain,all,36,network_profit,685500352.9150004,683179868.2812588,687820837.548742,32433544113.311333
blockchain,all,36,satisfaction_index,0.002097361072335439,0.002093408731134036,0.0021013134135368424,0.9615006629437413
blockchain,all,36,fill_rate,2.030784686690712e-06,1.6760794894024503e-08,4.0448085784874e-06,0.9835936788846085
blockchain,all,36,retail_on_time_rate,1.8707267641896823e-06,-1.954909468578217e-06,5.696362996957582e-06,0.9134991801295925
blockchain,all,36,quality_mean,0.010478922309814209,0.010459498796556707,0.01049834582307171,0.9782703473127962
blockchain,all,36,co2_kg,69387.82818088532,-34472.82096385474,173248.47732562537,2975469535.6679535
blockchain,all,36,costs_tech,13311999.839999994,13311999.839999992,13311999.839999996,0.0
blockchain,all,36,costs_holding,22575863.375333313,22016685.945528466,23135040.80513816,1071385462.8423334
blockchain,all,36,costs_shipping,44591.82666664124,-105723.03812404258,194906.69145732507,4465750363.3359995
blockchain,all,36,costs_stockout,-33277.0263333261,-66280.20887350508,-273.84379314712714,268897126.5156667
blockchain,all,36,costs_scrap,-1055025544.9580001,-1057156444.0571017,-1052894645.8588984,2473340547.9873333
blockchain,all,36,costs_handling,4.858999999969577,0.11927565677346053,9.598724343165694,2161723.145
blockchain,all,36,bullwhip_DC,9.380035227728456e-05,-0.00025337582101323685,0.00044097652556780595,8.097125892948798
blockchain,all,36,bullwhip_MFG,-0.0008246685123075063,-0.00624787957905571,0.004598542554440698,23.942497547522198
blockchain,all,36,bullwhip_CM,0.0036537744150498003,-0.10811641235409104,0.11542396118419064,106.58600832614181
blockchain,tier,34,network_profit,688060352.9003335,685739868.2647518,690380837.5359153,32433544113.311333
blockchain,tier,34,satisfaction_index,0.002097361072335439,0.002093408731134036,0.0021013134135368424,0.9615006629437413
blockchain,tier,34,fill_rate,2.030784686690712e-06,1.6760794894024503e-08,4.0448085784874e-06,0.9835936788846085
blockchain,tier,34,retail_on_time_rate,1.8707267641896823e-06,-1.954909468578217e-06,5.696362996957582e-06,0.9134991801295925
blockchain,tier,34,quality_mean,0.010478922309814209,0.010459498796556707,0.01049834582307171,0.9782703473127962
blockchain,tier,34,co2_kg,69387.82818088532,-34472.82096385474,173248.47732562537,2975469535.6679535
blockchain,tier,34,costs_tech,10751999.94,10751999.94,10751999.94,0.0
blockchain,tier,34,costs_holding,22575863.375333313,22016685.945528466,23135040.80513816,1071385462.8423334
blockchain,tier,34,costs_shipping,44591.82666664124,-105723.03812404258,194906.69145732507,4465750363.3359995
blockchain,tier,34,costs_stockout,-33277.0263333261,-66280.20887350508,-273.84379314712714,268897126.5156667
blockchain,tier,34,costs_scrap,-1055025544.9580001,-1057156444.0571017,-1052894645.8588984,2473340547.9873333
blockchain,tier,34,costs_handling,4.858999999969577,0.11927565677346053,9.598724343165694,2161723.145
blockchain,tier,34,bullwhip_DC,9.380035227728456e-05,-0.00025337582101323685,0.00044097652556780595,8.097125892948798
blockchain,tier,34,bullwhip_MFG,-0.0008246685123075063,-0.00624787957905571,0.004598542554440698,23.942497547522198
blockchain,tier,34,bullwhip_CM,0.0036537744150498003,-0.10811641235409104,0.11542396118419064,106.58600832614181
control_tower,all,48,network_profit,98536167.71666692,73101871.01994008,123970464.41339377,32433544113.311333
control_tower,all,48,satisfaction_index,0.00045606037321020975,0.0003126950009334159,0.0005994257454870036,0.9615006629437413
control_tower,all,48,fill_rate,0.0008138076339473758,0.0005367219043889984,0.0010908933635057532,0.9835936788846085
control_tower,all,48,retail_on_time_rate,1.8771906790948645e-05,-4.4850465447536517e-05,8.23942790294338e-05,0.9134991801295925
control_tower,all,48,quality_mean,0.00021762492099612895,0.00019132775379680458,0.00024392208819545331,0.9782703473127962
control_tower,all,48,co2_kg,670410.6554930687,-2370156.6665013367,3710977.9774874737,2975469535.6679535
control_tower,all,48,costs_tech,35072000.15999999,35072000.15999999,35072000.15999999,0.0
control_tower,all,48,costs_holding,-32843605.570000015,-37669657.542815365,-28017553.597184666,1071385462.8423334
control_tower,all,48,costs_shipping,-2686510.009999911,-8193924.945908705,2820904.9259088836,4465750363.3359995
control_tower,all,48,costs_stockout,-13337570.12533333,-17879030.176164538,-8796110.07450212,268897126.5156667
control_tower,all,48,costs_scrap,-19592969.39633333,-23036169.251810454,-16149769.540856203,2473340547.9873333
control_tower,all,48,costs_handling,2398.921000000027,1675.5697922569266,3122.2722077431276,2161723.145
control_tower,all,48,bullwhip_DC,-2.3024942483610475,-2.3702927873817456,-2.2346957093403494,8.097125892948798
control_tower,all,48,bullwhip_MFG,-13.000988548450131,-13.56699458734356,-12.434982509556702,23.942497547522198
control_tower,all,48,bullwhip_CM,-77.99387491308637,-81.94239479510634,-74.0453550310664,106.58600832614181
control_tower,tier,12,network_profit,7852582.755000178,-10351538.67929376,26056704.189294115,32433544113.311333
control_tower,tier,12,satisfaction_index,0.000493135250733238,0.0003722809889490281,0.000613989512517448,0.9615006629437413
control_tower,tier,12,fill_rate,0.0009260377851351216,0.0006911929712533423,0.001160882599016901,0.9835936788846085
control_tower,tier,12,retail_on_time_rate,5.108317329824974e-05,4.29492356336032e-06,9.787142303313916e-05,0.9134991801295925
control_tower,tier,12,quality_mean,7.395703088105924e-05,5.045795509726701e-05,9.745610666485145e-05,0.9782703473127962
control_tower,tier,12,co2_kg,1290696.893088166,-719289.2742108412,3300683.0603871727,2975469535.6679535
control_tower,tier,12,costs_tech,12288000.0,12288000.0,12288000.0,0.0
control_tower,tier,12,costs_holding,17047149.227999985,14812036.610398019,19282261.845601954,1071385462.8423334
control_tower,tier,12,costs_shipping,772546.2859999656,-2733865.283322517,4278957.855322448,4465750363.3359995
control_tower,tier,12,costs_stockout,-15176789.087000001,-19025639.7133829,-11327938.460617105,268897126.5156667
control_tower,tier,12,costs_scrap,9905579.763333289,8083113.675901104,11728045.850765474,2473340547.9873333
control_tower,tier,12,costs_handling,2383.0393333332922,1853.8304085575605,2912.248258109024,2161723.145
control_tower,tier,12,bullwhip_DC,-2.2843911087787174,-2.353841379344524,-2.214940838212911,8.097125892948798
control_tower,tier,12,bullwhip_MFG,-7.774849438707941,-8.121175061198635,-7.428523816217247,23.942497547522198
control_tower,tier,12,bullwhip_CM,-38.94012295903392,-41.285532771408896,-36.59471314665895,106.58600832614181
ml_forecast,all,14,network_profit,-42845906.12466634,-69768708.4221599,-15923103.827172782,32433544113.311333
ml_forecast,all,14,satisfaction_index,-3.573824873662756e-05,-0.0002531918437226048,0.00018171534624934966,0.9615006629437413
ml_forecast,all,14,fill_rate,-0.00013823419104342556,-0.0005786620729383064,0.00030219369085145533,0.9835936788846085
ml_forecast,all,14,retail_on_time_rate,2.6060574130559732e-05,-3.772388119542275e-05,8.984502945654222e-05,0.9134991801295925
ml_forecast,all,14,quality_mean,0.00012780337272979558,9.651790462353672e-05,0.00015908884083605442,0.9782703473127962
ml_forecast,all,14,co2_kg,-2341624.306898276,-6626746.10200163,1943497.4882050776,2975469535.6679535
ml_forecast,all,14,costs_tech,18944000.019999996,18944000.019999996,18944000.019999996,0.0
ml_forecast,all,14,costs_holding,-8031711.055666685,-11875146.344053749,-4188275.7672796203,1071385462.8423334
ml_forecast,all,14,costs_shipping,-2903517.343333308,-10193294.11212163,4386259.425455013,4465750363.3359995
ml_forecast,all,14,costs_stockout,2265952.8973333347,-4952731.984776055,9484637.779442726,268897126.5156667
ml_forecast,all,14,costs_scrap,-1517891.872333336,-4441708.651756234,1405924.907089562,2473340547.9873333
ml_forecast,all,14,costs_handling,-4598.560333333351,-5704.013118412909,-3493.1075482537935,2161723.145
ml_forecast,all,14,bullwhip_DC,-2.389042015055345,-2.5064306793822966,-2.271653350728393,8.097125892948798
ml_forecast,all,14,bullwhip_MFG,-10.410759044196574,-11.063028100548113,-9.758489987845035,23.942497547522198
ml_forecast,all,14,bullwhip_CM,-62.77478909387803,-66.91615763361571,-58.63342055414034,106.58600832614181
ml_forecast,tier,8,network_profit,-19826877.087332662,-41932439.6397668,2278685.4651014768,32433544113.311333
ml_forecast,tier,8,satisfaction_index,0.00012465800008143829,-2.460412117398614e-05,0.00027392012133686274,0.9615006629437413
ml_forecast,tier,8,fill_rate,0.00021430411644371612,-8.626884001351976e-05,0.0005148770729009519,0.9835936788846085
ml_forecast,tier,8,retail_on_time_rate,1.2648633012638892e-05,-5.566104389999407e-05,8.095830992527185e-05,0.9134991801295925
ml_forecast,tier,8,quality_mean,6.855675977886314e-05,3.764303308086054e-05,9.947048647686574e-05,0.9782703473127962
ml_forecast,tier,8,co2_kg,805945.5063520431,-1792116.9134966573,3404007.9262007438,2975469535.6679535
ml_forecast,tier,8,costs_tech,8192000.0,8192000.0,8192000.0,0.0
ml_forecast,tier,8,costs_holding,-4829474.436666659,-8293000.446534425,-1365948.4267988936,1071385462.8423334
ml_forecast,tier,8,costs_shipping,2442379.040000089,-1830301.9107187907,6715059.990718968,4465750363.3359995
ml_forecast,tier,8,costs_stockout,-3510420.174666666,-8437788.771287087,1416948.421953756,268897126.5156667
ml_forecast,tier,8,costs_scrap,975667.9620000203,-993703.5833283926,2945039.507328433,2473340547.9873333
ml_forecast,tier,8,costs_handling,-3719.443333333358,-4500.623848814724,-2938.2628178519926,2161723.145
ml_forecast,tier,8,bullwhip_DC,-1.8663281769209834,-1.9562223813915096,-1.7764339724504572,8.097125892948798
ml_forecast,tier,8,bullwhip_MFG,-5.907130404212082,-6.393584469051751,-5.420676339372413,23.942497547522198
ml_forecast,tier,8,bullwhip_CM,-37.12705485972965,-40.35921861248698,-33.89489110697232,106.58600832614181
rfid,all,18,network_profit,219636389.34900016,195705394.91532266,243567383.78267765,32433544113.311333
rfid,all,18,satisfaction_index,-2.0747848813673642e-06,-0.00013408910357980039,0.00012993953381706567,0.9615006629437413
rfid,all,18,fill_rate,3.555852662761779e-05,-0.00023246575512795296,0.00030358280838318856,0.9835936788846085
rfid,all,18,retail_on_time_rate,-1.6112520388903797e-05,-8.809641178839218e-05,5.587137101058458e-05,0.9134991801295925
rfid,all,18,quality_mean,-7.510146039261257e-05,-0.00010732291202102389,-4.288000876420124e-05,0.9782703473127962
rfid,all,18,co2_kg,-14590145.952241946,-17822919.171639197,-11357372.732844695,2975469535.6679535
rfid,all,18,costs_tech,13824000.0,13824000.0,13824000.0,0.0
rfid,all,18,costs_holding,-21281935.75766668,-24513902.83876369,-18049968.67656967,1071385462.8423334
rfid,all,18,costs_shipping,-29700129.884000175,-34480765.11218979,-24919494.65581056,4465750363.3359995
rfid,all,18,costs_stockout,-584136.5886666636,-4977298.793308393,3809025.615975066,268897126.5156667
rfid,all,18,costs_scrap,-266692085.67233333,-269352958.4754568,-264031212.8692099,2473340547.9873333
rfid,all,18,costs_handling,-3670.150333333341,-4281.737448302555,-3058.5632183641274,2161723.145
rfid,all,18,bullwhip_DC,-0.31678688862416315,-0.4222482549782373,-0.211325522270089,8.097125892948798
rfid,all,18,bullwhip_MFG,-0.7084462613631083,-1.3012487685968552,-0.11564375412936123,23.942497547522198
rfid,all,18,bullwhip_CM,-1.7891473468579369,-6.116545055866536,2.538250362150662,106.58600832614181
rfid,tier,8,network_profit,85888173.93933347,68590813.18278058,103185534.69588636,32433544113.311333
rfid,tier,8,satisfaction_index,-3.823412670688938e-05,-0.00013467105067764334,5.820279726386458e-05,0.9615006629437413
rfid,tier,8,fill_rate,-7.315452517143717e-05,-0.0002773997974252863,0.00013109074708241193,0.9835936788846085
rfid,tier,8,retail_on_time_rate,1.4484272714946715e-05,-4.3200223951511795e-05,7.216876938140523e-05,0.9134991801295925
rfid,tier,8,quality_mean,-3.0010729678072354e-05,-5.178543579932708e-05,-8.236023556817626e-06,0.9782703473127962
rfid,tier,8,co2_kg,-9041491.358287605,-10677660.216347344,-7405322.500227864,2975469535.6679535
rfid,tier,8,costs_tech,4096000.0,4096000.0,4096000.0,0.0
rfid,tier,8,costs_holding,-17218588.28900002,-19413456.192523316,-15023720.385476723,1071385462.8423334
rfid,tier,8,costs_shipping,-13541501.61633323,-15754042.71034106,-11328960.522325398,4465750363.3359995
rfid,tier,8,costs_stockout,1197154.355000009,-2150648.617377241,4544957.32737726,268897126.5156667
rfid,tier,8,costs_scrap,-79273760.12966667,-80744632.17866738,-77802888.08066596,2473340547.9873333
rfid,tier,8,costs_handling,-4032.0860000000025,-4517.356835237957,-3546.815164762048,2161723.145
rfid,tier,8,bullwhip_DC,-0.025870307925730678,-0.09878340542805088,0.047042789576589514,8.097125892948798
rfid,tier,8,bullwhip_MFG,0.08070421334117756,-0.39589090964999685,0.557299336332352,23.942497547522198
rfid,tier,8,bullwhip_CM,0.9711388103329156,-2.724552798553533,4.666830419219364,106.58600832614181
risk_intel,all,10,network_profit,-8192000.0,-8192000.0,-8192000.0,32433544113.311333
risk_intel,all,10,satisfaction_index,0.0,0.0,0.0,0.9615006629437413
risk_intel,all,10,fill_rate,0.0,0.0,0.0,0.9835936788846085
risk_intel,all,10,retail_on_time_rate,0.0,0.0,0.0,0.9134991801295925
risk_intel,all,10,quality_mean,0.0,0.0,0.0,0.9782703473127962
risk_intel,all,10,co2_kg,0.0,0.0,0.0,2975469535.6679535
risk_intel,all,10,costs_tech,8192000.0,8192000.0,8192000.0,0.0
risk_intel,all,10,costs_holding,0.0,0.0,0.0,1071385462.8423334
risk_intel,all,10,costs_shipping,0.0,0.0,0.0,4465750363.3359995
risk_intel,all,10,costs_stockout,0.0,0.0,0.0,268897126.5156667
risk_intel,all,10,costs_scrap,0.0,0.0,0.0,2473340547.9873333
risk_intel,all,10,costs_handling,0.0,0.0,0.0,2161723.145
risk_intel,all,10,bullwhip_DC,0.0,0.0,0.0,8.097125892948798
risk_intel,all,10,bullwhip_MFG,0.0,0.0,0.0,23.942497547522198
risk_intel,all,10,bullwhip_CM,0.0,0.0,0.0,106.58600832614181
risk_intel,tier,4,network_profit,-2560000.0,-2560000.0,-2560000.0,32433544113.311333
risk_intel,tier,4,satisfaction_index,0.0,0.0,0.0,0.9615006629437413
risk_intel,tier,4,fill_rate,0.0,0.0,0.0,0.9835936788846085
risk_intel,tier,4,retail_on_time_rate,0.0,0.0,0.0,0.9134991801295925
risk_intel,tier,4,quality_mean,0.0,0.0,0.0,0.9782703473127962
risk_intel,tier,4,co2_kg,0.0,0.0,0.0,2975469535.6679535
risk_intel,tier,4,costs_tech,2560000.0,2560000.0,2560000.0,0.0
risk_intel,tier,4,costs_holding,0.0,0.0,0.0,1071385462.8423334
risk_intel,tier,4,costs_shipping,0.0,0.0,0.0,4465750363.3359995
risk_intel,tier,4,costs_stockout,0.0,0.0,0.0,268897126.5156667
risk_intel,tier,4,costs_scrap,0.0,0.0,0.0,2473340547.9873333
risk_intel,tier,4,costs_handling,0.0,0.0,0.0,2161723.145
risk_intel,tier,4,bullwhip_DC,0.0,0.0,0.0,8.097125892948798
risk_intel,tier,4,bullwhip_MFG,0.0,0.0,0.0,23.942497547522198
risk_intel,tier,4,bullwhip_CM,0.0,0.0,0.0,106.58600832614181
routing,all,10,network_profit,439344330.7796668,436853080.8848962,441835580.67443734,32433544113.311333
routing,all,10,satisfaction_index,0.0,0.0,0.0,0.9615006629437413
routing,all,10,fill_rate,0.0,0.0,0.0,0.9835936788846085
routing,all,10,retail_on_time_rate,0.0,0.0,0.0,0.9134991801295925
routing,all,10,quality_mean,0.0,0.0,0.0,0.9782703473127962
routing,all,10,co2_kg,-370101628.85159147,-372116869.4881392,-368086388.2150437,2975469535.6679535
routing,all,10,costs_tech,7168000.0,7168000.0,7168000.0,0.0
routing,all,10,costs_holding,0.0,0.0,0.0,1071385462.8423334
routing,all,10,costs_shipping,-446512330.7346666,-449003580.6428628,-444021080.8264704,4465750363.3359995
routing,all,10,costs_stockout,0.0,0.0,0.0,268897126.5156667
routing,all,10,costs_scrap,0.0,0.0,0.0,2473340547.9873333
routing,all,10,costs_handling,0.0,0.0,0.0,2161723.145
routing,all,10,bullwhip_DC,0.0,0.0,0.0,8.097125892948798
routing,all,10,bullwhip_MFG,0.0,0.0,0.0,23.942497547522198
routing,all,10,bullwhip_CM,0.0,0.0,0.0,106.58600832614181
routing,tier,4,network_profit,290927.7996667226,277909.6314568801,303945.9678765651,32433544113.311333
routing,tier,4,satisfaction_index,0.0,0.0,0.0,0.9615006629437413
routing,tier,4,fill_rate,0.0,0.0,0.0,0.9835936788846085
routing,tier,4,retail_on_time_rate,0.0,0.0,0.0,0.9134991801295925
routing,tier,4,quality_mean,0.0,0.0,0.0,0.9782703473127962
routing,tier,4,co2_kg,-96205176.60285278,-96779762.12145461,-95630591.08425094,2975469535.6679535
routing,tier,4,costs_tech,3072000.0,3072000.0,3072000.0,0.0
routing,tier,4,costs_holding,0.0,0.0,0.0,1071385462.8423334
routing,tier,4,costs_shipping,-3362927.800333341,-3375945.9739224548,-3349909.6267442275,4465750363.3359995
routing,tier,4,costs_stockout,0.0,0.0,0.0,268897126.5156667
routing,tier,4,costs_scrap,0.0,0.0,0.0,2473340547.9873333
routing,tier,4,costs_handling,0.0,0.0,0.0,2161723.145
routing,tier,4,bullwhip_DC,0.0,0.0,0.0,8.097125892948798
routing,tier,4,bullwhip_MFG,0.0,0.0,0.0,23.942497547522198
routing,tier,4,bullwhip_CM,0.0,0.0,0.0,106.58600832614181
wh_robotics,all,4,network_profit,153745872.57400042,130800021.73993939,176691723.40806144,32433544113.311333
wh_robotics,all,4,satisfaction_index,0.010335611508907412,0.009889985209963939,0.010781237807850886,0.9615006629437413
wh_robotics,all,4,fill_rate,0.0035950396448580445,0.0031580713436014573,0.004032007946114632,0.9835936788846085
wh_robotics,all,4,retail_on_time_rate,0.028449305036319112,0.027418292904396666,0.02948031716824156,0.9134991801295925
wh_robotics,all,4,quality_mean,1.650087791346492e-05,5.979005310955683e-06,2.702275051597416e-05,0.9782703473127962
wh_robotics,all,4,co2_kg,9972041.660603793,8353188.159997983,11590895.161209604,2975469535.6679535
wh_robotics,all,4,costs_tech,19360000.0,19360000.0,19360000.0,0.0
wh_robotics,all,4,costs_holding,7467564.024666659,6123480.964573825,8811647.084759492,1071385462.8423334
wh_robotics,all,4,costs_shipping,16647718.3306667,14094953.205525775,19200483.455807626,4465750363.3359995
wh_robotics,all,4,costs_stockout,-58918237.94166665,-66071530.931550615,-51764944.95178268,268897126.5156667
wh_robotics,all,4,costs_scrap,10828872.36099995,9484303.584919827,12173441.137080071,2473340547.9873333
wh_robotics,all,4,costs_handling,-486519.4866666667,-487649.9110164112,-485389.0623169222,2161723.145
wh_robotics,all,4,bullwhip_DC,0.015836830620354073,-0.030359063368563057,0.0620327246092712,8.097125892948798
wh_robotics,all,4,bullwhip_MFG,0.11488557385543542,-0.10562462969684057,0.3353957774077114,23.942497547522198
wh_robotics,all,4,bullwhip_CM,0.5127161472385608,-1.0102148200738756,2.035647114550997,106.58600832614181
