tech,scope,firms,measure,mean,ci_low,ci_high,base_mean,git_commit,git_dirty,run_date
aps,all,6,network_profit,-10242930.659666443,-31793677.69494787,11307816.37561498,42097347577.692,11401c107f61821898f4934e0fb390e72e03400d,True,2026-09-24
aps,all,6,network_profit_with_inventory,11025393.385344187,-5293773.029438091,27344559.800126463,41399307504.953445,11401c107f61821898f4934e0fb390e72e03400d,True,2026-09-24
aps,all,6,satisfaction_index,0.0005098717349506399,0.0003630492659491806,0.0006566942039520992,0.9614914698367085,11401c107f61821898f4934e0fb390e72e03400d,True,2026-09-24
aps,all,6,fill_rate,0.001008158266701109,0.0007079200288232529,0.001308396504578965,0.9835936735168377,11401c107f61821898f4934e0fb390e72e03400d,True,2026-09-24
aps,all,6,retail_on_time_rate,2.9889360864613725e-05,-3.3670297346957204e-05,9.344901907618466e-05,0.9134991801295925,11401c107f61821898f4934e0fb390e72e03400d,True,2026-09-24
aps,all,6,quality_mean,-1.587103329652173e-05,-4.9318318825669104e-05,1.757625223262564e-05,0.9782243951970597,11401c107f61821898f4934e0fb390e72e03400d,True,2026-09-24
aps,all,6,co2_kg,5650007.704562727,2901223.155398309,8398792.253727145,2975435457.861808,11401c107f61821898f4934e0fb390e72e03400d,True,2026-09-24
aps,all,6,costs_tech,12390000.0,11832909.569225965,12947090.430774035,0.0,11401c107f61821898f4934e0fb390e72e03400d,True,2026-09-24
aps,all,6,costs_holding,34086067.31666667,28527183.894131258,39644950.73920208,1212962200.4356668,11401c107f61821898f4934e0fb390e72e03400d,True,2026-09-24
aps,all,6,costs_shipping,9780597.346333282,5194590.36725391,14366604.325412653,4516546662.023,11401c107f61821898f4934e0fb390e72e03400d,True,2026-09-24
aps,all,6,costs_stockout,-19427477.613,-25216968.753263175,-13637986.472736828,316103452.5773334,11401c107f61821898f4934e0fb390e72e03400d,True,2026-09-24
aps,all,6,scrap_value,18176241.66533327,14699453.932152187,21653029.398514353,2534818648.414666,11401c107f61821898f4934e0fb390e72e03400d,True,2026-09-24
aps,all,6,costs_handling,2750.543333333327,1984.4231930108103,3516.663473655844,2161722.944,11401c107f61821898f4934e0fb390e72e03400d,True,2026-09-24
aps,all,6,bullwhip_DC,-0.015076847635159159,-0.024940900635565928,-0.005212794634752389,8.097005523326827,11401c107f61821898f4934e0fb390e72e03400d,True,2026-09-24
aps,all,6,bullwhip_MFG,-0.8039355486809225,-1.0621155831624904,-0.5457555141993546,23.944031385413812,11401c107f61821898f4934e0fb390e72e03400d,True,2026-09-24
aps,all,6,bullwhip_CM,-7.420260865435732,-9.47897388103878,-5.361547849832685,106.60575902029146,11401c107f61821898f4934e0fb390e72e03400d,True,2026-09-24
aps,tier,2,network_profit,-8303922.069667308,-25520703.963995837,8912859.824661223,42097347577.692,11401c107f61821898f4934e0fb390e72e03400d,True,2026-09-24
aps,tier,2,network_profit_with_inventory,13398959.496757507,2636634.245549256,24161284.74796576,41399307504.953445,11401c107f61821898f4934e0fb390e72e03400d,True,2026-09-24
aps,tier,2,satisfaction_index,0.00035739765349483975,0.0002529389196113993,0.0004618563873782802,0.9614914698367085,11401c107f61821898f4934e0fb390e72e03400d,True,2026-09-24
aps,tier,2,fill_rate,0.0007028958997242059,0.0004888057772262506,0.0009169860222221611,0.9835936735168377,11401c107f61821898f4934e0fb390e72e03400d,True,2026-09-24
aps,tier,2,retail_on_time_rate,-7.5313431292374965e-06,-5.866753535942206e-05,4.3604849100947076e-05,0.9134991801295925,11401c107f61821898f4934e0fb390e72e03400d,True,2026-09-24
aps,tier,2,quality_mean,4.104553285737185e-05,1.0215851175295167e-05,7.187521453944854e-05,0.9782243951970597,11401c107f61821898f4934e0fb390e72e03400d,True,2026-09-24
aps,tier,2,co2_kg,3335337.8795389016,1736464.509210186,4934211.249867617,2975435457.861808,11401c107f61821898f4934e0fb390e72e03400d,True,2026-09-24
aps,tier,2,costs_tech,6984000.0,6427499.769290874,7540500.230709126,0.0,11401c107f61821898f4934e0fb390e72e03400d,True,2026-09-24
aps,tier,2,costs_holding,19187815.345333338,15097195.152211525,23278435.53845515,1212962200.4356668,11401c107f61821898f4934e0fb390e72e03400d,True,2026-09-24
aps,tier,2,costs_shipping,5178062.518000031,2601480.094534543,7754644.941465519,4516546662.023,11401c107f61821898f4934e0fb390e72e03400d,True,2026-09-24
aps,tier,2,costs_stockout,-13544279.655666672,-17671646.28270871,-9416913.028624635,316103452.5773334,11401c107f61821898f4934e0fb390e72e03400d,True,2026-09-24
aps,tier,2,scrap_value,11608049.069999997,8510878.580247352,14705219.559752641,2534818648.414666,11401c107f61821898f4934e0fb390e72e03400d,True,2026-09-24
aps,tier,2,costs_handling,1981.5006666666518,1376.5623735539448,2586.438959779359,2161722.944,11401c107f61821898f4934e0fb390e72e03400d,True,2026-09-24
aps,tier,2,bullwhip_DC,-0.006078293734277522,-0.014600665366956592,0.002444077898401548,8.097005523326827,11401c107f61821898f4934e0fb390e72e03400d,True,2026-09-24
aps,tier,2,bullwhip_MFG,-0.39235823768994843,-0.5354211192007592,-0.24929535617913762,23.944031385413812,11401c107f61821898f4934e0fb390e72e03400d,True,2026-09-24
aps,tier,2,bullwhip_CM,-4.221185816611655,-5.322347174364058,-3.120024458859252,106.60575902029146,11401c107f61821898f4934e0fb390e72e03400d,True,2026-09-24
blockchain,all,34,network_profit,47854587.96466725,21681532.166333795,74027643.76300071,42097347577.692,11401c107f61821898f4934e0fb390e72e03400d,True,2026-09-24
blockchain,all,34,network_profit_with_inventory,49107877.28590266,22265344.253192488,75950410.31861283,41399307504.953445,11401c107f61821898f4934e0fb390e72e03400d,True,2026-09-24
blockchain,all,34,satisfaction_index,0.000154719132629851,7.50746610333806e-05,0.0002343636042263214,0.9614914698367085,11401c107f61821898f4934e0fb390e72e03400d,True,2026-09-24
blockchain,all,34,fill_rate,2.163153849229123e-07,-8.037510512257608e-08,5.130058749684007e-07,0.9835936735168377,11401c107f61821898f4934e0fb390e72e03400d,True,2026-09-24
blockchain,all,34,retail_on_time_rate,0.0,0.0,0.0,0.9134991801295925,11401c107f61821898f4934e0fb390e72e03400d,True,2026-09-24
blockchain,all,34,quality_mean,0.0007730548746868034,0.0003750640686111767,0.00117104568076243,0.9782243951970597,11401c107f61821898f4934e0fb390e72e03400d,True,2026-09-24
blockchain,all,34,co2_kg,3357.3654545148215,-7885.1579769159525,14599.888885945596,2975435457.861808,11401c107f61821898f4934e0fb390e72e03400d,True,2026-09-24
blockchain,all,34,costs_tech,5633599.89,4045163.3564290777,7222036.423570922,0.0,11401c107f61821898f4934e0fb390e72e03400d,True,2026-09-24
blockchain,all,34,costs_holding,1736949.2516666492,836965.1090800967,2636933.394253202,1212962200.4356668,11401c107f61821898f4934e0fb390e72e03400d,True,2026-09-24
blockchain,all,34,costs_shipping,17151.468666617075,-3343.736142548296,37646.673475782445,4516546662.023,11401c107f61821898f4934e0fb390e72e03400d,True,2026-09-24
blockchain,all,34,costs_stockout,-4164.318666669727,-9875.462327987338,1546.8249946478836,316103452.5773334,11401c107f61821898f4934e0fb390e72e03400d,True,2026-09-24
blockchain,all,34,scrap_value,-80695387.01600003,-122369899.35712063,-39020874.67487943,2534818648.414666,11401c107f61821898f4934e0fb390e72e03400d,True,2026-09-24
blockchain,all,34,costs_handling,0.5296666666399688,-0.22785285345635697,1.2871861867362946,2161722.944,11401c107f61821898f4934e0fb390e72e03400d,True,2026-09-24
blockchain,all,34,bullwhip_DC,5.601038149283255e-06,-1.7088507078581564e-05,2.8290583377148074e-05,8.097005523326827,11401c107f61821898f4934e0fb390e72e03400d,True,2026-09-24
blockchain,all,34,bullwhip_MFG,-0.00044554071431335274,-0.001186230889371895,0.0002951494607451897,23.944031385413812,11401c107f61821898f4934e0fb390e72e03400d,True,2026-09-24
blockchain,all,34,bullwhip_CM,0.0008712337727421489,-0.00950147634360446,0.011243943889088757,106.60575902029146,11401c107f61821898f4934e0fb390e72e03400d,True,2026-09-24
control_tower,all,48,network_profit,42943659.91200078,19807567.232011653,66079752.59198991,42097347577.692,11401c107f61821898f4934e0fb390e72e03400d,True,2026-09-24
control_tower,all,48,network_profit_with_inventory,35124308.71766968,19242551.778848317,51006065.65649104,41399307504.953445,11401c107f61821898f4934e0fb390e72e03400d,True,2026-09-24
control_tower,all,48,satisfaction_index,0.0004309533161711343,0.00030709911097781897,0.0005548075213644496,0.9614914698367085,11401c107f61821898f4934e0fb390e72e03400d,True,2026-09-24
control_tower,all,48,fill_rate,0.0008260753217950537,0.0005844398627992665,0.001067710780790841,0.9835936735168377,11401c107f61821898f4934e0fb390e72e03400d,True,2026-09-24
control_tower,all,48,retail_on_time_rate,-1.383852814262898e-05,-5.884988859853785e-05,3.117283231327989e-05,0.9134991801295925,11401c107f61821898f4934e0fb390e72e03400d,True,2026-09-24
control_tower,all,48,quality_mean,0.00011033606858191399,6.858675948441887e-05,0.00015208537767940911,0.9782243951970597,11401c107f61821898f4934e0fb390e72e03400d,True,2026-09-24
control_tower,all,48,co2_kg,2482480.0738203526,466107.24777848553,4498852.89986222,2975435457.861808,11401c107f61821898f4934e0fb390e72e03400d,True,2026-09-24
control_tower,all,48,costs_tech,31400400.15999999,27967926.45659048,34832873.8634095,0.0,11401c107f61821898f4934e0fb390e72e03400d,True,2026-09-24
control_tower,all,48,costs_holding,-7985913.983333349,-12158895.051163578,-3812932.9155031205,1212962200.4356668,11401c107f61821898f4934e0fb390e72e03400d,True,2026-09-24
control_tower,all,48,costs_shipping,1525031.8656665485,-2725489.8436602093,5775553.574993307,4516546662.023,11401c107f61821898f4934e0fb390e72e03400d,True,2026-09-24
control_tower,all,48,costs_stockout,-15916390.611000001,-20572907.51944787,-11259873.702552132,316103452.5773334,11401c107f61821898f4934e0fb390e72e03400d,True,2026-09-24
control_tower,all,48,scrap_value,-3569585.076666673,-6737098.988189679,-402071.16514366725,2534818648.414666,11401c107f61821898f4934e0fb390e72e03400d,True,2026-09-24
control_tower,all,48,costs_handling,2194.4209999999653,1571.6612364540156,2817.180763545915,2161722.944,11401c107f61821898f4934e0fb390e72e03400d,True,2026-09-24
control_tower,all,48,bullwhip_DC,-1.0943512941062834,-1.2889930800143339,-0.8997095081982328,8.097005523326827,11401c107f61821898f4934e0fb390e72e03400d,True,2026-09-24
control_tower,all,48,bullwhip_MFG,-7.932631115843562,-9.323725322893997,-6.541536908793127,23.944031385413812,11401c107f61821898f4934e0fb390e72e03400d,True,2026-09-24
control_tower,all,48,bullwhip_CM,-50.399123013809906,-59.310609634451325,-41.487636393168486,106.60575902029146,11401c107f61821898f4934e0fb390e72e03400d,True,2026-09-24
control_tower,tier,12,network_profit,7879535.477667745,-2518597.483070744,18277668.438406236,42097347577.692,11401c107f61821898f4934e0fb390e72e03400d,True,2026-09-24
control_tower,tier,12,network_profit_with_inventory,8464407.831110127,791372.9562372454,16137442.70598301,41399307504.953445,11401c107f61821898f4934e0fb390e72e03400d,True,2026-09-24
control_tower,tier,12,satisfaction_index,0.00021447893676755555,0.00014670890374930695,0.00028224896978580415,0.9614914698367085,11401c107f61821898f4934e0fb390e72e03400d,True,2026-09-24
control_tower,tier,12,fill_rate,0.0004155834593991751,0.00028186608982054827,0.000549300828977802,0.9835936735168377,11401c107f61821898f4934e0fb390e72e03400d,True,2026-09-24
control_tower,tier,12,retail_on_time_rate,1.363633370613885e-06,-2.950512462400761e-05,3.223239136523538e-05,0.9134991801295925,11401c107f61821898f4934e0fb390e72e03400d,True,2026-09-24
control_tower,tier,12,quality_mean,3.139058528395614e-05,1.3309522731125916e-05,4.9471647836786374e-05,0.9782243951970597,11401c107f61821898f4934e0fb390e72e03400d,True,2026-09-24
control_tower,tier,12,co2_kg,173872.62066529592,-1029176.7294078558,1376921.9707384477,2975435457.861808,11401c107f61821898f4934e0fb390e72e03400d,True,2026-09-24
control_tower,tier,12,costs_tech,11001600.0,9798981.47617769,12204218.52382231,0.0,11401c107f61821898f4934e0fb390e72e03400d,True,2026-09-24
control_tower,tier,12,costs_holding,6627977.886999965,4703422.054602784,8552533.719397146,1212962200.4356668,11401c107f61821898f4934e0fb390e72e03400d,True,2026-09-24
control_tower,tier,12,costs_shipping,-362823.4633333842,-2339769.700625555,1614122.7739587866,4516546662.023,11401c107f61821898f4934e0fb390e72e03400d,True,2026-09-24
control_tower,tier,12,costs_stockout,-8007225.016000002,-10583837.857409487,-5430612.174590517,316103452.5773334,11401c107f61821898f4934e0fb390e72e03400d,True,2026-09-24
control_tower,tier,12,scrap_value,3882094.150333309,2383660.77494207,5380527.525724549,2534818648.414666,11401c107f61821898f4934e0fb390e72e03400d,True,2026-09-24
control_tower,tier,12,costs_handling,1016.7110000000336,726.8222532696153,1306.599746730452,2161722.944,11401c107f61821898f4934e0fb390e72e03400d,True,2026-09-24
control_tower,tier,12,bullwhip_DC,-1.0825491097697748,-1.2753792201893577,-0.8897189993501919,8.097005523326827,11401c107f61821898f4934e0fb390e72e03400d,True,2026-09-24
control_tower,tier,12,bullwhip_MFG,-3.487234444383726,-4.114937481768097,-2.8595314069993556,23.944031385413812,11401c107f61821898f4934e0fb390e72e03400d,True,2026-09-24
control_tower,tier,12,bullwhip_CM,-17.194662950645316,-20.302099923758615,-14.087225977532018,106.60575902029146,11401c107f61821898f4934e0fb390e72e03400d,True,2026-09-24
ml_forecast,all,14,network_profit,-8932182.248332722,-22794121.16063974,4929756.663974298,42097347577.692,11401c107f61821898f4934e0fb390e72e03400d,True,2026-09-24
ml_forecast,all,14,network_profit_with_inventory,1112626.909686788,-7436419.196767851,9661673.016141426,41399307504.953445,11401c107f61821898f4934e0fb390e72e03400d,True,2026-09-24
ml_forecast,all,14,satisfaction_index,0.00021299172878915806,0.00013976964643720984,0.0002862138111411063,0.9614914698367085,11401c107f61821898f4934e0fb390e72e03400d,True,2026-09-24
ml_forecast,all,14,fill_rate,0.000380029850698053,0.00023704299114799213,0.0005230167102481139,0.9835936735168377,11401c107f61821898f4934e0fb390e72e03400d,True,2026-09-24
ml_forecast,all,14,retail_on_time_rate,4.228751839199981e-05,-7.946297012972256e-06,9.252133379697187e-05,0.9134991801295925,11401c107f61821898f4934e0fb390e72e03400d,True,2026-09-24
ml_forecast,all,14,quality_mean,5.145273961263408e-05,2.29666513500905e-05,7.993882787517766e-05,0.9782243951970597,11401c107f61821898f4934e0fb390e72e03400d,True,2026-09-24
ml_forecast,all,14,co2_kg,2122630.009476185,893102.4764760681,3352157.5424763015,2975435457.861808,11401c107f61821898f4934e0fb390e72e03400d,True,2026-09-24
ml_forecast,all,14,costs_tech,12643185.720000003,11903130.467208844,13383240.972791161,0.0,11401c107f61821898f4934e0fb390e72e03400d,True,2026-09-24
ml_forecast,all,14,costs_holding,8318468.24733332,4979648.93884854,11657287.5558181,1212962200.4356668,11401c107f61821898f4934e0fb390e72e03400d,True,2026-09-24
ml_forecast,all,14,costs_shipping,-4389859.024333414,-7839395.00064606,-940323.048020767,4516546662.023,11401c107f61821898f4934e0fb390e72e03400d,True,2026-09-24
ml_forecast,all,14,costs_stockout,-7320684.206333338,-10075072.918616328,-4566295.494050348,316103452.5773334,11401c107f61821898f4934e0fb390e72e03400d,True,2026-09-24
ml_forecast,all,14,scrap_value,6152843.566000001,3673496.1222360884,8632191.009763913,2534818648.414666,11401c107f61821898f4934e0fb390e72e03400d,True,2026-09-24
ml_forecast,all,14,costs_handling,777.6253333332949,432.38930663828336,1122.8613600283063,2161722.944,11401c107f61821898f4934e0fb390e72e03400d,True,2026-09-24
ml_forecast,all,14,bullwhip_DC,-0.9367020472111566,-1.0807690236063887,-0.7926350708159244,8.097005523326827,11401c107f61821898f4934e0fb390e72e03400d,True,2026-09-24
ml_forecast,all,14,bullwhip_MFG,-4.905752637172262,-5.575444825458925,-4.236060448885599,23.944031385413812,11401c107f61821898f4934e0fb390e72e03400d,True,2026-09-24
ml_forecast,all,14,bullwhip_CM,-26.615585018719994,-30.21083244330701,-23.02033759413298,106.60575902029146,11401c107f61821898f4934e0fb390e72e03400d,True,2026-09-24
ml_forecast,tier,8,network_profit,-6870220.641665904,-9094164.986524023,-4646276.2968077855,42097347577.692,11401c107f61821898f4934e0fb390e72e03400d,True,2026-09-24
ml_forecast,tier,8,network_profit_with_inventory,-6059389.859943644,-7506450.953553293,-4612328.766333995,41399307504.953445,11401c107f61821898f4934e0fb390e72e03400d,True,2026-09-24
ml_forecast,tier,8,satisfaction_index,-1.6684460578394086e-05,-3.014767916034532e-05,-3.2212419964428517e-06,0.9614914698367085,11401c107f61821898f4934e0fb390e72e03400d,True,2026-09-24
ml_forecast,tier,8,fill_rate,-2.942043001750901e-05,-5.2797238782863256e-05,-6.043621252154764e-06,0.9835936735168377,11401c107f61821898f4934e0fb390e72e03400d,True,2026-09-24
ml_forecast,tier,8,retail_on_time_rate,-5.656075724462065e-06,-3.169277896972279e-05,2.038062752079866e-05,0.9134991801295925,11401c107f61821898f4934e0fb390e72e03400d,True,2026-09-24
ml_forecast,tier,8,quality_mean,-1.3871142614307884e-06,-1.164377062053899e-05,8.869542097677412e-06,0.9782243951970597,11401c107f61821898f4934e0fb390e72e03400d,True,2026-09-24
ml_forecast,tier,8,co2_kg,-55372.27612935702,-361615.6781014437,250871.1258427296,2975435457.861808,11401c107f61821898f4934e0fb390e72e03400d,True,2026-09-24
ml_forecast,tier,8,costs_tech,5099600.0,4767697.536253132,5431502.463746868,0.0,11401c107f61821898f4934e0fb390e72e03400d,True,2026-09-24
ml_forecast,tier,8,costs_holding,-775609.1240000168,-1260711.7373580076,-290506.5106420262,1212962200.4356668,11401c107f61821898f4934e0fb390e72e03400d,True,2026-09-24
ml_forecast,tier,8,costs_shipping,-421344.14399998984,-970409.8456633026,127721.55766332289,4516546662.023,11401c107f61821898f4934e0fb390e72e03400d,True,2026-09-24
ml_forecast,tier,8,costs_stockout,566677.250666671,116469.06286057521,1016885.4384727667,316103452.5773334,11401c107f61821898f4934e0fb390e72e03400d,True,2026-09-24
ml_forecast,tier,8,scrap_value,-307875.83000000316,-543228.0114805877,-72523.6485194187,2534818648.414666,11401c107f61821898f4934e0fb390e72e03400d,True,2026-09-24
ml_forecast,tier,8,costs_handling,-237.07533333337244,-299.75977382192065,-174.39089284482424,2161722.944,11401c107f61821898f4934e0fb390e72e03400d,True,2026-09-24
ml_forecast,tier,8,bullwhip_DC,-0.14265668120458955,-0.16261514851148282,-0.12269821389769628,8.097005523326827,11401c107f61821898f4934e0fb390e72e03400d,True,2026-09-24
ml_forecast,tier,8,bullwhip_MFG,-0.4582421492163199,-0.5224292853068588,-0.394055013125781,23.944031385413812,11401c107f61821898f4934e0fb390e72e03400d,True,2026-09-24
ml_forecast,tier,8,bullwhip_CM,-2.573409006253633,-2.9224014064409807,-2.2244166060662853,106.60575902029146,11401c107f61821898f4934e0fb390e72e03400d,True,2026-09-24
rfid,all,18,network_profit,82736697.62466736,62686663.129327536,102786732.12000719,42097347577.692,11401c107f61821898f4934e0fb390e72e03400d,True,2026-09-24
rfid,all,18,network_profit_with_inventory,50456915.16655299,33872189.47486239,67041640.85824359,41399307504.953445,11401c107f61821898f4934e0fb390e72e03400d,True,2026-09-24
rfid,all,18,satisfaction_index,-8.811737768912308e-05,-0.00019127780602306834,1.5043050644822183e-05,0.9614914698367085,11401c107f61821898f4934e0fb390e72e03400d,True,2026-09-24
rfid,all,18,fill_rate,-0.000157168185684257,-0.0003728438338020447,5.850746243353072e-05,0.9835936735168377,11401c107f61821898f4934e0fb390e72e03400d,True,2026-09-24
rfid,all,18,retail_on_time_rate,3.565891139941287e-06,-6.345517437613782e-05,7.058695665602038e-05,0.9134991801295925,11401c107f61821898f4934e0fb390e72e03400d,True,2026-09-24
rfid,all,18,quality_mean,-5.301526094476649e-05,-8.563831658894498e-05,-2.0392205300588003e-05,0.9782243951970597,11401c107f61821898f4934e0fb390e72e03400d,True,2026-09-24
rfid,all,18,co2_kg,-5604401.344438013,-8111742.485120224,-3097060.203755801,2975435457.861808,11401c107f61821898f4934e0fb390e72e03400d,True,2026-09-24
rfid,all,18,costs_tech,11813000.0,11396502.466863083,12229497.533136917,0.0,11401c107f61821898f4934e0fb390e72e03400d,True,2026-09-24
rfid,all,18,costs_holding,-22722909.520000003,-26024823.15649236,-19420995.883507647,1212962200.4356668,11401c107f61821898f4934e0fb390e72e03400d,True,2026-09-24
rfid,all,18,costs_shipping,-11883662.552999973,-15909519.983473014,-7857805.1225269325,4516546662.023,11401c107f61821898f4934e0fb390e72e03400d,True,2026-09-24
rfid,all,18,costs_stockout,3026472.826333332,-1128840.8730106326,7181786.525677296,316103452.5773334,11401c107f61821898f4934e0fb390e72e03400d,True,2026-09-24
rfid,all,18,scrap_value,-86840892.67400005,-94190389.52714406,-79491395.82085605,2534818648.414666,11401c107f61821898f4934e0fb390e72e03400d,True,2026-09-24
rfid,all,18,costs_handling,-1492.4910000000614,-2041.2425436773246,-943.739456322798,2161722.944,11401c107f61821898f4934e0fb390e72e03400d,True,2026-09-24
rfid,all,18,bullwhip_DC,-0.26351301417181694,-0.3479070985375743,-0.1791189298060596,8.097005523326827,11401c107f61821898f4934e0fb390e72e03400d,True,2026-09-24
rfid,all,18,bullwhip_MFG,-0.5015139207620954,-0.9473862649377569,-0.05564157658643398,23.944031385413812,11401c107f61821898f4934e0fb390e72e03400d,True,2026-09-24
rfid,all,18,bullwhip_CM,-1.0773193143987343,-3.9283450408284426,1.773706412030974,106.60575902029146,11401c107f61821898f4934e0fb390e72e03400d,True,2026-09-24
rfid,tier,8,network_profit,36749694.33166733,23009058.97541778,50490329.687916875,42097347577.692,11401c107f61821898f4934e0fb390e72e03400d,True,2026-09-24
rfid,tier,8,network_profit_with_inventory,16341572.654173024,6091583.630237164,26591561.678108886,41399307504.953445,11401c107f61821898f4934e0fb390e72e03400d,True,2026-09-24
rfid,tier,8,satisfaction_index,-8.472049694340234e-05,-0.00016049214059892994,-8.948853287874748e-06,0.9614914698367085,11401c107f61821898f4934e0fb390e72e03400d,True,2026-09-24
rfid,tier,8,fill_rate,-0.0001524444229869859,-0.00030936059163351855,4.471745659546727e-06,0.9835936735168377,11401c107f61821898f4934e0fb390e72e03400d,True,2026-09-24
rfid,tier,8,retail_on_time_rate,-2.4393405794505737e-05,-7.364425411218557e-05,2.4857442523174103e-05,0.9134991801295925,11401c107f61821898f4934e0fb390e72e03400d,True,2026-09-24
rfid,tier,8,quality_mean,-5.901318557899326e-06,-2.5189925306500386e-05,1.3387288190701735e-05,0.9782243951970597,11401c107f61821898f4934e0fb390e72e03400d,True,2026-09-24
rfid,tier,8,co2_kg,-4134230.778675254,-5331396.163050998,-2937065.39429951,2975435457.861808,11401c107f61821898f4934e0fb390e72e03400d,True,2026-09-24
rfid,tier,8,costs_tech,3432800.0,3256977.8270324403,3608622.1729675597,0.0,11401c107f61821898f4934e0fb390e72e03400d,True,2026-09-24
rfid,tier,8,costs_holding,-14901699.15766669,-17204817.03722769,-12598581.278105691,1212962200.4356668,11401c107f61821898f4934e0fb390e72e03400d,True,2026-09-24
rfid,tier,8,costs_shipping,-6444000.357333406,-8091835.771531255,-4796164.943135557,4516546662.023,11401c107f61821898f4934e0fb390e72e03400d,True,2026-09-24
rfid,tier,8,costs_stockout,2936012.5406666645,-87334.22087153466,5959359.302204864,316103452.5773334,11401c107f61821898f4934e0fb390e72e03400d,True,2026-09-24
rfid,tier,8,scrap_value,-29289388.402000062,-31926961.81983804,-26651814.984162085,2534818648.414666,11401c107f61821898f4934e0fb390e72e03400d,True,2026-09-24
rfid,tier,8,costs_handling,-1497.383666666659,-1888.0415478933232,-1106.725785439995,2161722.944,11401c107f61821898f4934e0fb390e72e03400d,True,2026-09-24
rfid,tier,8,bullwhip_DC,-0.04248635688505284,-0.09454270174566046,0.009569987975554771,8.097005523326827,11401c107f61821898f4934e0fb390e72e03400d,True,2026-09-24
rfid,tier,8,bullwhip_MFG,-0.014294164730658565,-0.32095398358102617,0.292365654119709,23.944031385413812,11401c107f61821898f4934e0fb390e72e03400d,True,2026-09-24
rfid,tier,8,bullwhip_CM,-0.1293020762797018,-2.3766750230559768,2.1180708704965734,106.60575902029146,11401c107f61821898f4934e0fb390e72e03400d,True,2026-09-24
risk_intel,all,10,network_profit,-6586333.333333333,-6931686.178139412,-6240980.488527254,42097347577.692,11401c107f61821898f4934e0fb390e72e03400d,True,2026-09-24
risk_intel,all,10,network_profit_with_inventory,-6586333.333333333,-6931686.178139412,-6240980.488527254,41399307504.953445,11401c107f61821898f4934e0fb390e72e03400d,True,2026-09-24
risk_intel,all,10,satisfaction_index,0.0,0.0,0.0,0.9614914698367085,11401c107f61821898f4934e0fb390e72e03400d,True,2026-09-24
risk_intel,all,10,fill_rate,0.0,0.0,0.0,0.9835936735168377,11401c107f61821898f4934e0fb390e72e03400d,True,2026-09-24
risk_intel,all,10,retail_on_time_rate,0.0,0.0,0.0,0.9134991801295925,11401c107f61821898f4934e0fb390e72e03400d,True,2026-09-24
risk_intel,all,10,quality_mean,0.0,0.0,0.0,0.9782243951970597,11401c107f61821898f4934e0fb390e72e03400d,True,2026-09-24
risk_intel,all,10,co2_kg,0.0,0.0,0.0,2975435457.861808,11401c107f61821898f4934e0fb390e72e03400d,True,2026-09-24
risk_intel,all,10,costs_tech,6586333.333333333,6240980.488527254,6931686.178139412,0.0,11401c107f61821898f4934e0fb390e72e03400d,True,2026-09-24
risk_intel,all,10,costs_holding,0.0,0.0,0.0,1212962200.4356668,11401c107f61821898f4934e0fb390e72e03400d,True,2026-09-24
risk_intel,all,10,costs_shipping,0.0,0.0,0.0,4516546662.023,11401c107f61821898f4934e0fb390e72e03400d,True,2026-09-24
risk_intel,all,10,costs_stockout,0.0,0.0,0.0,316103452.5773334,11401c107f61821898f4934e0fb390e72e03400d,True,2026-09-24
risk_intel,all,10,scrap_value,0.0,0.0,0.0,2534818648.414666,11401c107f61821898f4934e0fb390e72e03400d,True,2026-09-24
risk_intel,all,10,costs_handling,0.0,0.0,0.0,2161722.944,11401c107f61821898f4934e0fb390e72e03400d,True,2026-09-24
risk_intel,all,10,bullwhip_DC,0.0,0.0,0.0,8.097005523326827,11401c107f61821898f4934e0fb390e72e03400d,True,2026-09-24
risk_intel,all,10,bullwhip_MFG,0.0,0.0,0.0,23.944031385413812,11401c107f61821898f4934e0fb390e72e03400d,True,2026-09-24
risk_intel,all,10,bullwhip_CM,0.0,0.0,0.0,106.60575902029146,11401c107f61821898f4934e0fb390e72e03400d,True,2026-09-24
risk_intel,tier,4,network_profit,-2121333.3333333335,-2264767.582592485,-1977899.084074182,42097347577.692,11401c107f61821898f4934e0fb390e72e03400d,True,2026-09-24
risk_intel,tier,4,network_profit_with_inventory,-2121333.3333333335,-2264767.582592485,-1977899.084074182,41399307504.953445,11401c107f61821898f4934e0fb390e72e03400d,True,2026-09-24
risk_intel,tier,4,satisfaction_index,0.0,0.0,0.0,0.9614914698367085,11401c107f61821898f4934e0fb390e72e03400d,True,2026-09-24
risk_intel,tier,4,fill_rate,0.0,0.0,0.0,0.9835936735168377,11401c107f61821898f4934e0fb390e72e03400d,True,2026-09-24
risk_intel,tier,4,retail_on_time_rate,0.0,0.0,0.0,0.9134991801295925,11401c107f61821898f4934e0fb390e72e03400d,True,2026-09-24
risk_intel,tier,4,quality_mean,0.0,0.0,0.0,0.9782243951970597,11401c107f61821898f4934e0fb390e72e03400d,True,2026-09-24
risk_intel,tier,4,co2_kg,0.0,0.0,0.0,2975435457.861808,11401c107f61821898f4934e0fb390e72e03400d,True,2026-09-24
risk_intel,tier,4,costs_tech,2121333.3333333335,1977899.084074182,2264767.582592485,0.0,11401c107f61821898f4934e0fb390e72e03400d,True,2026-09-24
risk_intel,tier,4,costs_holding,0.0,0.0,0.0,1212962200.4356668,11401c107f61821898f4934e0fb390e72e03400d,True,2026-09-24
risk_intel,tier,4,costs_shipping,0.0,0.0,0.0,4516546662.023,11401c107f61821898f4934e0fb390e72e03400d,True,2026-09-24
risk_intel,tier,4,costs_stockout,0.0,0.0,0.0,316103452.5773334,11401c107f61821898f4934e0fb390e72e03400d,True,2026-09-24
risk_intel,tier,4,scrap_value,0.0,0.0,0.0,2534818648.414666,11401c107f61821898f4934e0fb390e72e03400d,True,2026-09-24
risk_intel,tier,4,costs_handling,0.0,0.0,0.0,2161722.944,11401c107f61821898f4934e0fb390e72e03400d,True,2026-09-24
risk_intel,tier,4,bullwhip_DC,0.0,0.0,0.0,8.097005523326827,11401c107f61821898f4934e0fb390e72e03400d,True,2026-09-24
risk_intel,tier,4,bullwhip_MFG,0.0,0.0,0.0,23.944031385413812,11401c107f61821898f4934e0fb390e72e03400d,True,2026-09-24
risk_intel,tier,4,bullwhip_CM,0.0,0.0,0.0,106.60575902029146,11401c107f61821898f4934e0fb390e72e03400d,True,2026-09-24
routing,all,10,network_profit,298999518.3170008,265463127.63348013,332535909.0005215,42097347577.692,11401c107f61821898f4934e0fb390e72e03400d,True,2026-09-24
routing,all,10,network_profit_with_inventory,298999518.3170016,265463127.63348094,332535909.0005222,41399307504.953445,11401c107f61821898f4934e0fb390e72e03400d,True,2026-09-24
routing,all,10,satisfaction_index,0.0,0.0,0.0,0.9614914698367085,11401c107f61821898f4934e0fb390e72e03400d,True,2026-09-24
routing,all,10,fill_rate,0.0,0.0,0.0,0.9835936735168377,11401c107f61821898f4934e0fb390e72e03400d,True,2026-09-24
routing,all,10,retail_on_time_rate,0.0,0.0,0.0,0.9134991801295925,11401c107f61821898f4934e0fb390e72e03400d,True,2026-09-24
routing,all,10,quality_mean,0.0,0.0,0.0,0.9782243951970597,11401c107f61821898f4934e0fb390e72e03400d,True,2026-09-24
routing,all,10,co2_kg,-148166069.51816833,-155948422.282833,-140383716.75350365,2975435457.861808,11401c107f61821898f4934e0fb390e72e03400d,True,2026-09-24
routing,all,10,costs_tech,6574400.0,6359222.585779928,6789577.414220072,0.0,11401c107f61821898f4934e0fb390e72e03400d,True,2026-09-24
routing,all,10,costs_holding,0.0,0.0,0.0,1212962200.4356668,11401c107f61821898f4934e0fb390e72e03400d,True,2026-09-24
routing,all,10,costs_shipping,-305573918.32199997,-339103484.26389223,-272044352.3801077,4516546662.023,11401c107f61821898f4934e0fb390e72e03400d,True,2026-09-24
routing,all,10,costs_stockout,0.0,0.0,0.0,316103452.5773334,11401c107f61821898f4934e0fb390e72e03400d,True,2026-09-24
routing,all,10,scrap_value,0.0,0.0,0.0,2534818648.414666,11401c107f61821898f4934e0fb390e72e03400d,True,2026-09-24
routing,all,10,costs_handling,0.0,0.0,0.0,2161722.944,11401c107f61821898f4934e0fb390e72e03400d,True,2026-09-24
routing,all,10,bullwhip_DC,0.0,0.0,0.0,8.097005523326827,11401c107f61821898f4934e0fb390e72e03400d,True,2026-09-24
routing,all,10,bullwhip_MFG,0.0,0.0,0.0,23.944031385413812,11401c107f61821898f4934e0fb390e72e03400d,True,2026-09-24
routing,all,10,bullwhip_CM,0.0,0.0,0.0,106.60575902029146,11401c107f61821898f4934e0fb390e72e03400d,True,2026-09-24
routing,tier,4,network_profit,-569044.3743326823,-724550.151738448,-413538.59692691674,42097347577.692,11401c107f61821898f4934e0fb390e72e03400d,True,2026-09-24
routing,tier,4,network_profit_with_inventory,-569044.3743319194,-724550.1517374577,-413538.596926381,41399307504.953445,11401c107f61821898f4934e0fb390e72e03400d,True,2026-09-24
routing,tier,4,satisfaction_index,0.0,0.0,0.0,0.9614914698367085,11401c107f61821898f4934e0fb390e72e03400d,True,2026-09-24
routing,tier,4,fill_rate,0.0,0.0,0.0,0.9835936735168377,11401c107f61821898f4934e0fb390e72e03400d,True,2026-09-24
routing,tier,4,retail_on_time_rate,0.0,0.0,0.0,0.9134991801295925,11401c107f61821898f4934e0fb390e72e03400d,True,2026-09-24
routing,tier,4,quality_mean,0.0,0.0,0.0,0.9782243951970597,11401c107f61821898f4934e0fb390e72e03400d,True,2026-09-24
routing,tier,4,co2_kg,-35677124.10000623,-40220876.32404886,-31133371.875963595,2975435457.861808,11401c107f61821898f4934e0fb390e72e03400d,True,2026-09-24
routing,tier,4,costs_tech,2705600.0,2539896.3156741154,2871303.6843258846,0.0,11401c107f61821898f4934e0fb390e72e03400d,True,2026-09-24
routing,tier,4,costs_holding,0.0,0.0,0.0,1212962200.4356668,11401c107f61821898f4934e0fb390e72e03400d,True,2026-09-24
routing,tier,4,costs_shipping,-2136555.609000079,-2384089.463579381,-1889021.7544207769,4516546662.023,11401c107f61821898f4934e0fb390e72e03400d,True,2026-09-24
routing,tier,4,costs_stockout,0.0,0.0,0.0,316103452.5773334,11401c107f61821898f4934e0fb390e72e03400d,True,2026-09-24
routing,tier,4,scrap_value,0.0,0.0,0.0,2534818648.414666,11401c107f61821898f4934e0fb390e72e03400d,True,2026-09-24
routing,tier,4,costs_handling,0.0,0.0,0.0,2161722.944,11401c107f61821898f4934e0fb390e72e03400d,True,2026-09-24
routing,tier,4,bullwhip_DC,0.0,0.0,0.0,8.097005523326827,11401c107f61821898f4934e0fb390e72e03400d,True,2026-09-24
routing,tier,4,bullwhip_MFG,0.0,0.0,0.0,23.944031385413812,11401c107f61821898f4934e0fb390e72e03400d,True,2026-09-24
routing,tier,4,bullwhip_CM,0.0,0.0,0.0,106.60575902029146,11401c107f61821898f4934e0fb390e72e03400d,True,2026-09-24
wh_robotics,all,4,network_profit,64560831.25266723,43383562.16382173,85738100.34151274,42097347577.692,11401c107f61821898f4934e0fb390e72e03400d,True,2026-09-24
wh_robotics,all,4,network_profit_with_inventory,65031691.42375539,43157130.51040606,86906252.33710472,41399307504.953445,11401c107f61821898f4934e0fb390e72e03400d,True,2026-09-24
wh_robotics,all,4,satisfaction_index,0.0038408928520363077,0.0032000075203356244,0.004481778183736991,0.9614914698367085,11401c107f61821898f4934e0fb390e72e03400d,True,2026-09-24
wh_robotics,all,4,fill_rate,0.001354052247954026,0.0009861579569547894,0.0017219465389532625,0.9835936735168377,11401c107f61821898f4934e0fb390e72e03400d,True,2026-09-24
wh_robotics,all,4,retail_on_time_rate,0.010544768109503866,0.008932249792890885,0.012157286426116846,0.9134991801295925,11401c107f61821898f4934e0fb390e72e03400d,True,2026-09-24
wh_robotics,all,4,quality_mean,2.1814760404044914e-06,-7.257573346217647e-06,1.162052542702663e-05,0.9782243951970597,11401c107f61821898f4934e0fb390e72e03400d,True,2026-09-24
wh_robotics,all,4,co2_kg,3981169.108958276,2566151.717627121,5396186.500289431,2975435457.861808,11401c107f61821898f4934e0fb390e72e03400d,True,2026-09-24
wh_robotics,all,4,costs_tech,17078000.0,16071342.719880674,18084657.280119326,0.0,11401c107f61821898f4934e0fb390e72e03400d,True,2026-09-24
wh_robotics,all,4,costs_holding,2752511.318666649,1730685.5206332183,3774337.1167000798,1212962200.4356668,11401c107f61821898f4934e0fb390e72e03400d,True,2026-09-24
wh_robotics,all,4,costs_shipping,6582733.557666651,4537084.022013784,8628383.093319517,4516546662.023,11401c107f61821898f4934e0fb390e72e03400d,True,2026-09-24
wh_robotics,all,4,costs_stockout,-26085532.40366667,-33170236.283934385,-19000828.52339896,316103452.5773334,11401c107f61821898f4934e0fb390e72e03400d,True,2026-09-24
wh_robotics,all,4,scrap_value,4340059.371999963,2966579.540790264,5713539.203209663,2534818648.414666,11401c107f61821898f4934e0fb390e72e03400d,True,2026-09-24
wh_robotics,all,4,costs_handling,-273698.75233333337,-316536.207834326,-230861.2968323407,2161722.944,11401c107f61821898f4934e0fb390e72e03400d,True,2026-09-24
wh_robotics,all,4,bullwhip_DC,0.014686481226720567,-0.014168956948096487,0.04354191940153762,8.097005523326827,11401c107f61821898f4934e0fb390e72e03400d,True,2026-09-24
wh_robotics,all,4,bullwhip_MFG,0.050119912377339065,-0.10276872525856989,0.20300855001324802,23.944031385413812,11401c107f61821898f4934e0fb390e72e03400d,True,2026-09-24
wh_robotics,all,4,bullwhip_CM,-0.0291541230208864,-1.0601261179786117,1.0018178719368387,106.60575902029146,11401c107f61821898f4934e0fb390e72e03400d,True,2026-09-24
