condition,arm,tech,firms,groups,measure,mean,ci_low,ci_high
calm,ct_scattered,control_tower,6,6,network_profit,-5120000.0,-5120000.0,-5120000.0
calm,ct_scattered,control_tower,6,6,network_profit_with_inventory,-5120000.0,-5120000.0,-5120000.0
calm,ct_scattered,control_tower,6,6,satisfaction_index,0.0,0.0,0.0
calm,ct_scattered,control_tower,6,6,fill_rate,0.0,0.0,0.0
calm,ct_scattered,control_tower,6,6,retail_on_time_rate,0.0,0.0,0.0
calm,ct_scattered,control_tower,6,6,quality_mean,0.0,0.0,0.0
calm,ct_scattered,control_tower,6,6,costs_tech,5120000.0,5120000.0,5120000.0
calm,ct_scattered,control_tower,6,6,costs_stockout,0.0,0.0,0.0
calm,ct_scattered,control_tower,6,6,costs_holding,0.0,0.0,0.0
calm,ct_scattered,control_tower,6,6,scrap_value,0.0,0.0,0.0
calm,ct_scattered,control_tower,6,6,bullwhip_DC,0.0,0.0,0.0
calm,ct_scattered,control_tower,6,6,bullwhip_MFG,0.0,0.0,0.0
calm,ct_scattered,control_tower,6,6,bullwhip_CM,0.0,0.0,0.0
calm,ct_dyads,control_tower,6,3,network_profit,7498139.529666901,908516.0942312898,14087762.965102512
calm,ct_dyads,control_tower,6,3,network_profit_with_inventory,9696084.80609309,4714361.398882019,14677808.213304158
calm,ct_dyads,control_tower,6,3,satisfaction_index,0.00018754830882184253,0.00014576732565212857,0.0002293292919915565
calm,ct_dyads,control_tower,6,3,fill_rate,0.0003648960669159614,0.0002800402035022245,0.0004497519303296983
calm,ct_dyads,control_tower,6,3,retail_on_time_rate,2.2276113458915187e-06,-2.5290252799452335e-05,2.9745475491235375e-05
calm,ct_dyads,control_tower,6,3,quality_mean,2.2159959800423698e-05,8.838122026411402e-06,3.5481797574435995e-05
calm,ct_dyads,control_tower,6,3,costs_tech,7296000.0,7296000.0,7296000.0
calm,ct_dyads,control_tower,6,3,costs_stockout,-7030830.609666662,-8665677.501367223,-5395983.717966102
calm,ct_dyads,control_tower,6,3,costs_holding,5220686.970666655,3963262.889717024,6478111.051616287
calm,ct_dyads,control_tower,6,3,scrap_value,3311855.7863333384,2341874.2013504403,4281837.371316236
calm,ct_dyads,control_tower,6,3,bullwhip_DC,-0.8370079337718671,-0.8678912239008958,-0.8061246436428384
calm,ct_dyads,control_tower,6,3,bullwhip_MFG,-2.6798455527885725,-2.8251529388314887,-2.5345381667456564
calm,ct_dyads,control_tower,6,3,bullwhip_CM,-13.397562897833275,-14.415708001958155,-12.379417793708395
calm,ct_downstream_chain,control_tower,6,1,network_profit,8620952.979334004,-6744893.617704619,23986799.576372627
calm,ct_downstream_chain,control_tower,6,1,network_profit_with_inventory,13365808.182048798,3936799.660153622,22794816.703943975
calm,ct_downstream_chain,control_tower,6,1,satisfaction_index,0.0002119905838793216,0.00013290406560811834,0.00029107710215052485
calm,ct_downstream_chain,control_tower,6,1,fill_rate,0.00042203307256443535,0.00027131463803007684,0.0005727515070987939
calm,ct_downstream_chain,control_tower,6,1,retail_on_time_rate,-1.1648176360841884e-05,-5.123583948454341e-05,2.793948676285964e-05
calm,ct_downstream_chain,control_tower,6,1,quality_mean,2.2342502526665846e-05,-3.823991930937583e-06,4.8508996984269274e-05
calm,ct_downstream_chain,control_tower,6,1,costs_tech,7423999.979999999,7423999.979999998,7423999.9799999995
calm,ct_downstream_chain,control_tower,6,1,costs_stockout,-8130576.199666664,-11034001.265196208,-5227151.13413712
calm,ct_downstream_chain,control_tower,6,1,costs_holding,5807063.920333314,4361875.127429004,7252252.713237624
calm,ct_downstream_chain,control_tower,6,1,scrap_value,4001254.973333327,2428211.5599707607,5574298.3866958935
calm,ct_downstream_chain,control_tower,6,1,bullwhip_DC,-0.6788701386372756,-0.7124694911691547,-0.6452707861053966
calm,ct_downstream_chain,control_tower,6,1,bullwhip_MFG,-3.962739964100005,-4.1817233720498255,-3.7437565561501853
calm,ct_downstream_chain,control_tower,6,1,bullwhip_CM,-18.717590853577867,-20.140193084622506,-17.29498862253323
calm,ct_upstream_chain,control_tower,6,1,network_profit,9072428.238000488,-3643767.514764689,21788623.990765665
calm,ct_upstream_chain,control_tower,6,1,network_profit_with_inventory,13340070.704963429,8110858.080399658,18569283.3295272
calm,ct_upstream_chain,control_tower,6,1,satisfaction_index,0.00017810770892726647,0.00013503185451733786,0.00022118356333719507
calm,ct_upstream_chain,control_tower,6,1,fill_rate,0.00033141303707851324,0.00025727192734353063,0.00040555414681349585
calm,ct_upstream_chain,control_tower,6,1,retail_on_time_rate,3.756484409763357e-06,-2.897697810011509e-05,3.64899469196418e-05
calm,ct_upstream_chain,control_tower,6,1,quality_mean,5.637122532541709e-05,2.66941199939264e-05,8.604833065690778e-05
calm,ct_upstream_chain,control_tower,6,1,costs_tech,9984000.0,9984000.0,9984000.0
calm,ct_upstream_chain,control_tower,6,1,costs_stockout,-6384885.113999995,-7812973.475214932,-4956796.752785059
calm,ct_upstream_chain,control_tower,6,1,costs_holding,-1530751.7873333374,-3126933.524209275,65429.94954260043
calm,ct_upstream_chain,control_tower,6,1,scrap_value,53136.23100004196,-1577510.5297780568,1683782.991778141
calm,ct_upstream_chain,control_tower,6,1,bullwhip_DC,-0.0076203450359929965,-0.012687582114434548,-0.002553107957551445
calm,ct_upstream_chain,control_tower,6,1,bullwhip_MFG,-2.201087931343102,-2.3226312918890195,-2.0795445707971845
calm,ct_upstream_chain,control_tower,6,1,bullwhip_CM,-35.78241156670019,-37.6248707366156,-33.93995239678478
calm,bc_scattered,blockchain,6,6,network_profit,-1536000.0,-1536000.0,-1536000.0
calm,bc_scattered,blockchain,6,6,network_profit_with_inventory,-1536000.0,-1536000.0,-1536000.0
calm,bc_scattered,blockchain,6,6,satisfaction_index,0.0,0.0,0.0
calm,bc_scattered,blockchain,6,6,fill_rate,0.0,0.0,0.0
calm,bc_scattered,blockchain,6,6,retail_on_time_rate,0.0,0.0,0.0
calm,bc_scattered,blockchain,6,6,quality_mean,0.0,0.0,0.0
calm,bc_scattered,blockchain,6,6,costs_tech,1536000.0,1536000.0,1536000.0
calm,bc_scattered,blockchain,6,6,costs_stockout,0.0,0.0,0.0
calm,bc_scattered,blockchain,6,6,costs_holding,0.0,0.0,0.0
calm,bc_scattered,blockchain,6,6,scrap_value,0.0,0.0,0.0
calm,bc_scattered,blockchain,6,6,bullwhip_DC,0.0,0.0,0.0
calm,bc_scattered,blockchain,6,6,bullwhip_MFG,0.0,0.0,0.0
calm,bc_scattered,blockchain,6,6,bullwhip_CM,0.0,0.0,0.0
calm,bc_dyads,blockchain,6,3,network_profit,13312237.767000072,13180783.209012767,13443692.324987376
calm,bc_dyads,blockchain,6,3,network_profit_with_inventory,13728924.621519215,13612115.1376924,13845734.105346031
calm,bc_dyads,blockchain,6,3,satisfaction_index,4.2904728310821924e-05,4.238417177713066e-05,4.342528484451319e-05
calm,bc_dyads,blockchain,6,3,fill_rate,1.0841024966623535e-09,-5.54629521650791e-10,2.722834514975498e-09
calm,bc_dyads,blockchain,6,3,retail_on_time_rate,0.0,0.0,0.0
calm,bc_dyads,blockchain,6,3,quality_mean,0.00021452093129786798,0.00021191824255165962,0.00021712362004407633
calm,bc_dyads,blockchain,6,3,costs_tech,3072000.0,3072000.0,3072000.0
calm,bc_dyads,blockchain,6,3,costs_stockout,-20.95333333214124,-52.64818311309617,10.741516448813687
calm,bc_dyads,blockchain,6,3,costs_holding,499568.1443333228,477185.0122026667,521951.2764639789
calm,bc_dyads,blockchain,6,3,scrap_value,-24726060.358000007,-24873498.1003261,-24578622.615673915
calm,bc_dyads,blockchain,6,3,bullwhip_DC,5.351329511930439e-06,-5.546389593903931e-06,1.624904861776481e-05
calm,bc_dyads,blockchain,6,3,bullwhip_MFG,-0.00022691592802388528,-0.0006910588277147605,0.00023722697166698986
calm,bc_dyads,blockchain,6,3,bullwhip_CM,-0.008860819977447913,-0.013760227981601918,-0.003961411973293909
calm,bc_hub_cm3,blockchain,6,1,network_profit,102164591.87700042,101617017.53579581,102712166.21820503
calm,bc_hub_cm3,blockchain,6,1,network_profit_with_inventory,104500112.2715243,103876691.23323236,105123533.30981623
calm,bc_hub_cm3,blockchain,6,1,satisfaction_index,0.00037098935303783904,0.0003683361099560864,0.00037364259611959166
calm,bc_hub_cm3,blockchain,6,1,fill_rate,1.2936658478753434e-06,-3.9469670351814023e-07,2.982028399268827e-06
calm,bc_hub_cm3,blockchain,6,1,retail_on_time_rate,0.0,0.0,0.0
calm,bc_hub_cm3,blockchain,6,1,quality_mean,0.0018517126005694218,0.0018392773439535914,0.0018641478571852523
calm,bc_hub_cm3,blockchain,6,1,costs_tech,2047999.9799999993,2047999.979999999,2047999.9799999995
calm,bc_hub_cm3,blockchain,6,1,costs_stockout,-24914.691666668652,-57434.51207297793,7605.12873964063
calm,bc_hub_cm3,blockchain,6,1,costs_holding,3714197.415333335,3550123.7470222022,3878271.0836444674
calm,bc_hub_cm3,blockchain,6,1,scrap_value,-157477304.31800002,-158352008.39036232,-156602600.2456377
calm,bc_hub_cm3,blockchain,6,1,bullwhip_DC,6.111236178831802e-05,-7.953994463119187e-05,0.0002017646682078279
calm,bc_hub_cm3,blockchain,6,1,bullwhip_MFG,-0.0019038827161897605,-0.004366089784932408,0.0005583243525528875
calm,bc_hub_cm3,blockchain,6,1,bullwhip_CM,0.016297929461453958,-0.015523875975143053,0.048119734898050964
calm,bc_hub_cm1,blockchain,6,1,network_profit,29087101.10833384,28872740.429183155,29301461.787484527
calm,bc_hub_cm1,blockchain,6,1,network_profit_with_inventory,29804695.7857399,29634811.740139768,29974579.83134003
calm,bc_hub_cm1,blockchain,6,1,satisfaction_index,0.00011351972887048515,0.00011143639744468684,0.00011560306029628345
calm,bc_hub_cm1,blockchain,6,1,fill_rate,1.1847892333882725e-09,-2.1488480725668063e-09,4.518426539343352e-09
calm,bc_hub_cm1,blockchain,6,1,retail_on_time_rate,0.0,0.0,0.0
calm,bc_hub_cm1,blockchain,6,1,quality_mean,0.0005675956823791887,0.0005571801682578825,0.0005780111965004949
calm,bc_hub_cm1,blockchain,6,1,costs_tech,2047999.9799999993,2047999.979999999,2047999.9799999995
calm,bc_hub_cm1,blockchain,6,1,costs_stockout,-22.91400000055631,-87.30748725241695,41.47948725130432
calm,bc_hub_cm1,blockchain,6,1,costs_holding,1059532.6019999823,1011842.2318022612,1107222.9721977033
calm,bc_hub_cm1,blockchain,6,1,scrap_value,-47576249.99066671,-47792056.61127603,-47360443.37005739
calm,bc_hub_cm1,blockchain,6,1,bullwhip_DC,8.328114716456743e-06,-1.0615200137065728e-05,2.7271429569979214e-05
calm,bc_hub_cm1,blockchain,6,1,bullwhip_MFG,-0.0005254678920909583,-0.00157144825244024,0.0005205124682583233
calm,bc_hub_cm1,blockchain,6,1,bullwhip_CM,0.004222034889696621,-0.0064840994030566585,0.0149281691824499
calm,ct_all,control_tower,48,1,network_profit,91467891.18966675,64312079.43750396,118623702.94182953
calm,ct_all,control_tower,48,1,network_profit_with_inventory,62782973.65471242,44733208.51523471,80832738.79419014
calm,ct_all,control_tower,48,1,satisfaction_index,0.000523565376967879,0.0003916198649039389,0.0006555108890318192
calm,ct_all,control_tower,48,1,fill_rate,0.0009659579061556715,0.0007109304917765993,0.0012209853205347437
calm,ct_all,control_tower,48,1,retail_on_time_rate,1.3818573927792954e-05,-3.5666060796756525e-05,6.330320865234243e-05
calm,ct_all,control_tower,48,1,quality_mean,0.00018220425855836425,0.00013902232536169569,0.0002253861917550328
calm,ct_all,control_tower,48,1,costs_tech,35072000.15999999,35072000.15999999,35072000.15999999
calm,ct_all,control_tower,48,1,costs_stockout,-18610441.713333335,-23523783.0055422,-13697100.42112447
calm,ct_all,control_tower,48,1,costs_holding,-22786231.11033334,-27786985.822986852,-17785476.397679824
calm,ct_all,control_tower,48,1,scrap_value,-12484257.232000018,-15992232.39221505,-8976282.071784984
calm,ct_all,control_tower,48,1,bullwhip_DC,-1.8405429809077243,-1.895053535245587,-1.7860324265698615
calm,ct_all,control_tower,48,1,bullwhip_MFG,-11.775976357814512,-12.28430901795871,-11.267643697670314
calm,ct_all,control_tower,48,1,bullwhip_CM,-71.18457139455226,-74.88762006840595,-67.48152272069858
calm,bc_all,blockchain,34,1,network_profit,313612653.32233375,312481819.50109273,314743487.1435748
calm,bc_all,blockchain,34,1,network_profit_with_inventory,321317020.85150886,320060865.4707944,322573176.23222333
calm,bc_all,blockchain,34,1,satisfaction_index,0.000954660405800863,0.000950671444292323,0.0009586493673094031
calm,bc_all,blockchain,34,1,fill_rate,1.819464526287007e-06,3.815025130806648e-08,3.600778801265947e-06
calm,bc_all,blockchain,34,1,retail_on_time_rate,0.0,0.0,0.0
calm,bc_all,blockchain,34,1,quality_mean,0.004768753367688357,0.0047495887605126345,0.004787917974864079
calm,bc_all,blockchain,34,1,costs_tech,10751999.94,10751999.94,10751999.94
calm,bc_all,blockchain,34,1,costs_stockout,-35046.201333338024,-69358.9196095347,-733.4830571413477
calm,bc_all,blockchain,34,1,costs_holding,10670319.910333307,10403276.14856172,10937363.672104895
calm,bc_all,blockchain,34,1,scrap_value,-489550483.4953334,-491342048.99561423,-487758917.9950525
calm,bc_all,blockchain,34,1,bullwhip_DC,4.676170395200667e-05,-0.00011481169635517828,0.00020833510425919162
calm,bc_all,blockchain,34,1,bullwhip_MFG,-0.00011050079096482553,-0.004353384441693041,0.00413238285976339
calm,bc_all,blockchain,34,1,bullwhip_CM,0.01114672650465991,-0.034490570141348306,0.056784023150668134
cm3_12w,ct_scattered,control_tower,6,6,network_profit,-5120000.0,-5120000.0,-5120000.0
cm3_12w,ct_scattered,control_tower,6,6,network_profit_with_inventory,-5120000.0,-5120000.0,-5120000.0
cm3_12w,ct_scattered,control_tower,6,6,satisfaction_index,0.0,0.0,0.0
cm3_12w,ct_scattered,control_tower,6,6,fill_rate,0.0,0.0,0.0
cm3_12w,ct_scattered,control_tower,6,6,retail_on_time_rate,0.0,0.0,0.0
cm3_12w,ct_scattered,control_tower,6,6,quality_mean,0.0,0.0,0.0
cm3_12w,ct_scattered,control_tower,6,6,costs_tech,5120000.0,5120000.0,5120000.0
cm3_12w,ct_scattered,control_tower,6,6,costs_stockout,0.0,0.0,0.0
cm3_12w,ct_scattered,control_tower,6,6,costs_holding,0.0,0.0,0.0
cm3_12w,ct_scattered,control_tower,6,6,scrap_value,0.0,0.0,0.0
cm3_12w,ct_scattered,control_tower,6,6,bullwhip_DC,0.0,0.0,0.0
cm3_12w,ct_scattered,control_tower,6,6,bullwhip_MFG,0.0,0.0,0.0
cm3_12w,ct_scattered,control_tower,6,6,bullwhip_CM,0.0,0.0,0.0
cm3_12w,ct_dyads,control_tower,6,3,network_profit,9053523.763999684,-6132004.074150573,24239051.60214994
cm3_12w,ct_dyads,control_tower,6,3,network_profit_with_inventory,11219776.570387522,-3419465.454826776,25859018.59560182
cm3_12w,ct_dyads,control_tower,6,3,satisfaction_index,0.00018295305654102053,5.7059730457964254e-05,0.00030884638262407684
cm3_12w,ct_dyads,control_tower,6,3,fill_rate,0.00036788226271343704,0.0001192530181167988,0.0006165115073100753
cm3_12w,ct_dyads,control_tower,6,3,retail_on_time_rate,-2.4920200795660227e-06,-5.95538298425625e-05,5.4569789683430455e-05
cm3_12w,ct_dyads,control_tower,6,3,quality_mean,-1.2023439592316146e-06,-5.739637569460704e-05,5.499168777614381e-05
cm3_12w,ct_dyads,control_tower,6,3,costs_tech,7296000.0,7296000.0,7296000.0
cm3_12w,ct_dyads,control_tower,6,3,costs_stockout,-7087104.353333342,-11877369.39552489,-2296839.3111417945
cm3_12w,ct_dyads,control_tower,6,3,costs_holding,4180088.330666693,2409989.0128692463,5950187.64846414
cm3_12w,ct_dyads,control_tower,6,3,scrap_value,2546279.8306667167,1309477.9192355487,3783081.7420978844
cm3_12w,ct_dyads,control_tower,6,3,bullwhip_DC,-1.4517034824585084,-1.5152724490790577,-1.3881345158379592
cm3_12w,ct_dyads,control_tower,6,3,bullwhip_MFG,-3.3704222612279975,-3.593503230574416,-3.147341291881579
cm3_12w,ct_dyads,control_tower,6,3,bullwhip_CM,-14.903192712979637,-16.428228254283336,-13.378157171675937
cm3_12w,ct_downstream_chain,control_tower,6,1,network_profit,75917911.96933289,48055002.0923663,103780821.84629947
cm3_12w,ct_downstream_chain,control_tower,6,1,network_profit_with_inventory,80632322.06094335,56488246.22705717,104776397.89482954
cm3_12w,ct_downstream_chain,control_tower,6,1,satisfaction_index,0.0007838577339058129,0.0005959768108496565,0.0009717386569619692
cm3_12w,ct_downstream_chain,control_tower,6,1,fill_rate,0.0015502870912178354,0.001172637590481929,0.0019279365919537418
cm3_12w,ct_downstream_chain,control_tower,6,1,retail_on_time_rate,-9.82858263673947e-06,-7.728760583862788e-05,5.763044056514893e-05
cm3_12w,ct_downstream_chain,control_tower,6,1,quality_mean,5.831381543963676e-05,-2.2275822253003694e-05,0.0001389034531322772
cm3_12w,ct_downstream_chain,control_tower,6,1,costs_tech,7423999.979999999,7423999.979999998,7423999.9799999995
cm3_12w,ct_downstream_chain,control_tower,6,1,costs_stockout,-29871559.556,-37152271.88396822,-22590847.22803178
cm3_12w,ct_downstream_chain,control_tower,6,1,costs_holding,9078892.718000023,6652893.63070924,11504891.805290805
cm3_12w,ct_downstream_chain,control_tower,6,1,scrap_value,7802542.968666697,5994249.698531387,9610836.238802006
cm3_12w,ct_downstream_chain,control_tower,6,1,bullwhip_DC,-1.0880259822487,-1.1446638597164203,-1.0313881047809796
cm3_12w,ct_downstream_chain,control_tower,6,1,bullwhip_MFG,-5.863108060899496,-6.170034599560215,-5.556181522238776
cm3_12w,ct_downstream_chain,control_tower,6,1,bullwhip_CM,-22.87617799538633,-24.55883002401041,-21.193525966762248
cm3_12w,ct_upstream_chain,control_tower,6,1,network_profit,45853981.353999585,22757317.128081698,68950645.57991748
cm3_12w,ct_upstream_chain,control_tower,6,1,network_profit_with_inventory,50090660.44211273,29984421.14224911,70196899.74197635
cm3_12w,ct_upstream_chain,control_tower,6,1,satisfaction_index,0.0007885052316885115,0.0006205638784035901,0.0009564465849734329
cm3_12w,ct_upstream_chain,control_tower,6,1,fill_rate,0.0014374861235577445,0.0011023130224896403,0.0017726592246258487
cm3_12w,ct_upstream_chain,control_tower,6,1,retail_on_time_rate,4.8633968697224066e-05,-6.110403538523981e-06,0.00010337834093297212
cm3_12w,ct_upstream_chain,control_tower,6,1,quality_mean,0.00027585989650214714,0.00018633041679230988,0.0003653893762119844
cm3_12w,ct_upstream_chain,control_tower,6,1,costs_tech,9984000.0,9984000.0,9984000.0
cm3_12w,ct_upstream_chain,control_tower,6,1,costs_stockout,-27695831.69766668,-34155756.793808416,-21235906.60152494
cm3_12w,ct_upstream_chain,control_tower,6,1,costs_holding,24331968.427000023,21672069.305385612,26991867.548614435
cm3_12w,ct_upstream_chain,control_tower,6,1,scrap_value,14062992.30466671,11777267.544298772,16348717.065034647
cm3_12w,ct_upstream_chain,control_tower,6,1,bullwhip_DC,-0.055306676120525644,-0.09416337800181167,-0.01644997423923962
cm3_12w,ct_upstream_chain,control_tower,6,1,bullwhip_MFG,-4.111770828121268,-4.357435871798672,-3.866105784443864
cm3_12w,ct_upstream_chain,control_tower,6,1,bullwhip_CM,-47.39180112964914,-49.90384159480689,-44.879760664491386
cm3_12w,bc_scattered,blockchain,6,6,network_profit,-1536000.0,-1536000.0,-1536000.0
cm3_12w,bc_scattered,blockchain,6,6,network_profit_with_inventory,-1536000.0,-1536000.0,-1536000.0
cm3_12w,bc_scattered,blockchain,6,6,satisfaction_index,0.0,0.0,0.0
cm3_12w,bc_scattered,blockchain,6,6,fill_rate,0.0,0.0,0.0
cm3_12w,bc_scattered,blockchain,6,6,retail_on_time_rate,0.0,0.0,0.0
cm3_12w,bc_scattered,blockchain,6,6,quality_mean,0.0,0.0,0.0
cm3_12w,bc_scattered,blockchain,6,6,costs_tech,1536000.0,1536000.0,1536000.0
cm3_12w,bc_scattered,blockchain,6,6,costs_stockout,0.0,0.0,0.0
cm3_12w,bc_scattered,blockchain,6,6,costs_holding,0.0,0.0,0.0
cm3_12w,bc_scattered,blockchain,6,6,scrap_value,0.0,0.0,0.0
cm3_12w,bc_scattered,blockchain,6,6,bullwhip_DC,0.0,0.0,0.0
cm3_12w,bc_scattered,blockchain,6,6,bullwhip_MFG,0.0,0.0,0.0
cm3_12w,bc_scattered,blockchain,6,6,bullwhip_CM,0.0,0.0,0.0
cm3_12w,bc_dyads,blockchain,6,3,network_profit,12721142.202666728,12595534.071518287,12846750.333815169
cm3_12w,bc_dyads,blockchain,6,3,network_profit_with_inventory,13137783.117121886,13034116.625167526,13241449.609076247
cm3_12w,bc_dyads,blockchain,6,3,satisfaction_index,4.199259790712192e-05,4.13508356825439e-05,4.263436013169994e-05
cm3_12w,bc_dyads,blockchain,6,3,fill_rate,1.0333895483771727e-08,-1.0320762831258569e-08,3.0988553798802025e-08
cm3_12w,bc_dyads,blockchain,6,3,retail_on_time_rate,0.0,0.0,0.0
cm3_12w,bc_dyads,blockchain,6,3,quality_mean,0.0002099371547968724,0.00020672672490348147,0.0002131475846902633
cm3_12w,bc_dyads,blockchain,6,3,costs_tech,3072000.0,3072000.0,3072000.0
cm3_12w,bc_dyads,blockchain,6,3,costs_stockout,-199.14133333762487,-597.1732760832675,198.89060940801778
cm3_12w,bc_dyads,blockchain,6,3,costs_holding,511204.3413333654,491296.4124499095,531112.2702168213
cm3_12w,bc_dyads,blockchain,6,3,scrap_value,-23879250.87399996,-24027462.25290961,-23731039.495090313
cm3_12w,bc_dyads,blockchain,6,3,bullwhip_DC,-6.687487115186741e-08,-2.723149776539269e-07,1.3856523535019204e-07
cm3_12w,bc_dyads,blockchain,6,3,bullwhip_MFG,-2.3195172540961076e-05,-8.362882186327929e-05,3.7238476781357143e-05
cm3_12w,bc_dyads,blockchain,6,3,bullwhip_CM,-0.017635293093466942,-0.02148962640754619,-0.013780959779387697
cm3_12w,bc_hub_cm3,blockchain,6,1,network_profit,100929043.77699865,98706545.41299245,103151542.14100486
cm3_12w,bc_hub_cm3,blockchain,6,1,network_profit_with_inventory,103281021.27132645,100958259.30167387,105603783.24097903
cm3_12w,bc_hub_cm3,blockchain,6,1,satisfaction_index,0.00040570435166349027,0.00038463246939684137,0.00042677623393013917
cm3_12w,bc_hub_cm3,blockchain,6,1,fill_rate,5.352186629104342e-05,1.3291653765561807e-05,9.375207881652504e-05
cm3_12w,bc_hub_cm3,blockchain,6,1,retail_on_time_rate,-4.9139336122161484e-06,-2.2304115834016453e-05,1.2476248609584154e-05
cm3_12w,bc_hub_cm3,blockchain,6,1,quality_mean,0.0019020879930080133,0.0018723072098901783,0.0019318687761258483
cm3_12w,bc_hub_cm3,blockchain,6,1,costs_tech,2047999.9799999993,2047999.979999999,2047999.9799999995
cm3_12w,bc_hub_cm3,blockchain,6,1,costs_stockout,-1031290.1556666653,-1806030.8061896148,-256549.50514371588
cm3_12w,bc_hub_cm3,blockchain,6,1,costs_holding,4251490.858000024,3972188.324676604,4530793.391323444
cm3_12w,bc_hub_cm3,blockchain,6,1,scrap_value,-151609551.58366665,-152614411.56858632,-150604691.598747
cm3_12w,bc_hub_cm3,blockchain,6,1,bullwhip_DC,-0.005141890410055794,-0.010739886340817295,0.00045610552070570777
cm3_12w,bc_hub_cm3,blockchain,6,1,bullwhip_MFG,-0.01603724829669062,-0.027915807656037576,-0.004158688937343665
cm3_12w,bc_hub_cm3,blockchain,6,1,bullwhip_CM,-0.16527628422399562,-0.23293058738500708,-0.09762198106298417
cm3_12w,bc_hub_cm1,blockchain,6,1,network_profit,27915691.456000265,27699212.201862574,28132170.710137956
cm3_12w,bc_hub_cm1,blockchain,6,1,network_profit_with_inventory,28633399.45064443,28466118.19202878,28800680.70926008
cm3_12w,bc_hub_cm1,blockchain,6,1,satisfaction_index,0.00011405098975583913,0.00010488377528823608,0.00012321820422344216
cm3_12w,bc_hub_cm1,blockchain,6,1,fill_rate,-8.23616756277327e-10,-1.986281563845674e-09,3.3904805129102016e-10
cm3_12w,bc_hub_cm1,blockchain,6,1,retail_on_time_rate,0.0,0.0,0.0
cm3_12w,bc_hub_cm1,blockchain,6,1,quality_mean,0.0005702570078210956,0.0005244209343722685,0.0006160930812699226
cm3_12w,bc_hub_cm1,blockchain,6,1,costs_tech,2047999.9799999993,2047999.979999999,2047999.9799999995
cm3_12w,bc_hub_cm1,blockchain,6,1,costs_stockout,15.952000006039937,-6.575775626900414,38.479775638980286
cm3_12w,bc_hub_cm1,blockchain,6,1,costs_holding,1098320.3703333696,1058298.6014961295,1138342.1391706096
cm3_12w,bc_hub_cm1,blockchain,6,1,scrap_value,-45899875.142333284,-46130752.837716684,-45668997.446949884
cm3_12w,bc_hub_cm1,blockchain,6,1,bullwhip_DC,5.644786688444962e-08,-5.833297775376599e-08,1.7122871152266524e-07
cm3_12w,bc_hub_cm1,blockchain,6,1,bullwhip_MFG,2.127820701242437e-05,-1.768996643163103e-05,6.024638045647977e-05
cm3_12w,bc_hub_cm1,blockchain,6,1,bullwhip_CM,-0.03466290438393145,-0.045503603906729126,-0.02382220486113378
cm3_12w,ct_all,control_tower,48,1,network_profit,131911059.65766703,91109268.29071492,172712851.02461913
cm3_12w,ct_all,control_tower,48,1,network_profit_with_inventory,103193566.69308598,63954239.14218531,142432894.24398667
cm3_12w,ct_all,control_tower,48,1,satisfaction_index,0.0013123008305259661,0.0009878002077517265,0.0016368014533002058
cm3_12w,ct_all,control_tower,48,1,fill_rate,0.0024385980925054024,0.0017886475220562639,0.003088548662954541
cm3_12w,ct_all,control_tower,48,1,retail_on_time_rate,2.5599931520414732e-05,-4.760476301354197e-05,9.880462605437143e-05
cm3_12w,ct_all,control_tower,48,1,quality_mean,0.00042660902408574083,0.00032215683647639535,0.0005310612116950864
cm3_12w,ct_all,control_tower,48,1,costs_tech,35072000.15999999,35072000.15999999,35072000.15999999
cm3_12w,ct_all,control_tower,48,1,costs_stockout,-46986481.75099998,-59508570.741942,-34464392.760057956
cm3_12w,ct_all,control_tower,48,1,costs_holding,19959045.77900003,15104598.706731446,24813492.85126861
cm3_12w,ct_all,control_tower,48,1,scrap_value,9859883.21300006,5652091.56777849,14067674.858221628
cm3_12w,ct_all,control_tower,48,1,bullwhip_DC,-2.7899920564080323,-2.9084200608251725,-2.671564051990892
cm3_12w,ct_all,control_tower,48,1,bullwhip_MFG,-15.796515551533414,-16.50854695082325,-15.084484152243578
cm3_12w,ct_all,control_tower,48,1,bullwhip_CM,-87.6132177520134,-91.99997214539091,-83.22646335863588
cm3_12w,bc_all,blockchain,34,1,network_profit,306652472.1373329,300872890.04641527,312432054.22825056
cm3_12w,bc_all,blockchain,34,1,network_profit_with_inventory,314373275.59736377,308392504.59705603,320354046.5976715
cm3_12w,bc_all,blockchain,34,1,satisfaction_index,0.001015661161782592,0.0009677396332114513,0.001063582690353733
cm3_12w,bc_all,blockchain,34,1,fill_rate,9.997316442813541e-05,3.198444616934638e-06,0.0001967478842393362
cm3_12w,bc_all,blockchain,34,1,retail_on_time_rate,-7.596540157687552e-06,-2.8694214197766525e-05,1.3501133882391423e-05
cm3_12w,bc_all,blockchain,34,1,quality_mean,0.004839767708079201,0.004792382332955624,0.004887153083202778
cm3_12w,bc_all,blockchain,34,1,costs_tech,10751999.94,10751999.94,10751999.94
cm3_12w,bc_all,blockchain,34,1,costs_stockout,-1926055.2433333278,-3789316.0572495796,-62794.42941707582
cm3_12w,bc_all,blockchain,34,1,costs_holding,11564855.752000006,11313469.69414679,11816241.809853222
cm3_12w,bc_all,blockchain,34,1,scrap_value,-471767234.1426667,-473838608.35117567,-469695859.9341577
cm3_12w,bc_all,blockchain,34,1,bullwhip_DC,-0.010008562478997085,-0.02279931690847737,0.0027821919504832007
cm3_12w,bc_all,blockchain,34,1,bullwhip_MFG,-0.0354261993551886,-0.07037907282516645,-0.00047332588521074165
cm3_12w,bc_all,blockchain,34,1,bullwhip_CM,-0.41310794946144874,-0.5383650047477422,-0.2878508941751553
