id,date_added,technology,topic,parameter,citation,year,url,finding,quality_flag,read_level,role,informs_value,source_doc
C001,2026-09-17,blockchain,effect size,defect_mult,"Culot, Podrecca & Nassimbeni (2024), IJOPM 44(13), event study of 130 North American adopters vs matched controls",2024,https://www.emerald.com/insight/content/doi/10.1108/ijopm-05-2023-0346/full/html,"Operating cycle −3 to −4 days, ROA +0.8 to +2.0 pts, sales unchanged. No quality metric. Authors note blockchain ""does not guarantee the veracity of data.""",PR,not recorded,context: no quality metric exists,"0.82 (was 0.60); LOW 0.95-1.0, HIGH 0.65",docs/sciti2/evidence-table.md
C002,2026-09-17,blockchain,effect size,defect_mult,"Cui, Gaur & Liu (2023), M&SOM; EJOR (2020) traceability × recall; Zhou et al. (2024), ITOR",2023,https://pubsonline.informs.org/doi/10.1287/msom.2022.1161 ; https://onlinelibrary.wiley.com/doi/abs/10.1111/itor.13295,Traceability raises supplier quality incentives in some settings and lowers them under intense competition. Direction is contingent.,PR (theory),not recorded,direction is contingent,"0.82 (was 0.60); LOW 0.95-1.0, HIGH 0.65",docs/sciti2/evidence-table.md
C003,2026-09-17,blockchain,effect size,defect_mult,"Vu, Ghadge & Bourlakis (2025), IJPR 63(14)",2025,https://www.tandfonline.com/doi/full/10.1080/00207543.2024.2414375,Inventory and lead-time gains in a calibrated model; no defect estimate.,PR (model),not recorded,context,"0.82 (was 0.60); LOW 0.95-1.0, HIGH 0.65",docs/sciti2/evidence-table.md
C004,2026-09-17,blockchain,effect size,defect_mult,"Kamath (2018), JBBA, Walmart/IBM mango and pork pilots",2018,https://jbba.scholasticahq.com/article/3712-food-traceability-on-blockchain-walmart-s-pork-and-mango-pilots-with-ibm,"Trace-back 7 days → 2.2 s. Speed, not defects.",ANEC,not recorded,context,"0.82 (was 0.60); LOW 0.95-1.0, HIGH 0.65",docs/sciti2/evidence-table.md
C005,2026-09-17,blockchain,effect size,defect_mult,"Just Auto on Volvo/Circulor, Ford, Renault XCEED",,https://www.just-auto.com/features/oems-look-to-blockchain-solutions-for-compliance-and-parts-performance/,"Sourcing disputes −90%, paperwork −90%; ""recall cost −35%"" is unsourced.",ANEC,not recorded,context,"0.82 (was 0.60); LOW 0.95-1.0, HIGH 0.65",docs/sciti2/evidence-table.md
C006,2026-09-17,blockchain,effect size,defect_mult,ERAI 2024 report; GAO-16-236; SIA whitepaper,2024,https://www.erai.com/erai_blog/3187/_2024_annual_report ; https://www.gao.gov/products/gao-16-236,Counterfeit incidence base rates: small next to a 10% defect share.,IND / government,not recorded,base rate (counterfeits are a small share of defects),"0.82 (was 0.60); LOW 0.95-1.0, HIGH 0.65",docs/sciti2/evidence-table.md
C007,2026-09-17,blockchain,effect size,defect_mult,"Gartner (2019) ""90% of blockchain SC initiatives will suffer fatigue by 2023""; McKinsey (2017) ""must or maybe""",2019,https://www.gartner.com/en/newsroom/press-releases/2019-05-07-gartner-predicts-90--of-blockchain-based-supply-chain,Most pilots stall; realisation risk.,IND,not recorded,HIGH anchor (unsourced sample),"0.82 (was 0.60); LOW 0.95-1.0, HIGH 0.65",docs/sciti2/evidence-table.md
C008,2026-09-17,routing,effect size,ship_cost_mult; co2_mult,ARC Advisory Group TMS ROI surveys (2011–2016),2011,https://www.arcweb.com/industry-best-practices/tms-roi-improving,"Freight-spend savings ~6% → 8% → 8–10%; the TMS absorbs <10% of savings for ~60% of users. Origin of the ""8%"".",IND,not recorded,MID anchor,0.92 kept; co2 0.94 (was 0.90),docs/sciti2/evidence-table.md
C009,2026-09-17,routing,effect size,ship_cost_mult; co2_mult,"Logistics Management (2014), ""State of TMS""",2014,https://www.logisticsmgmt.com/article/supply_chain_technology_2014_state_of_tmscost_reductions_and_roi_continue_t,"~8%; $100M freight spend, $1–2M TMS, ~$8M/yr saved.",IND (secondary),not recorded,context,0.92 kept; co2 0.94 (was 0.90),docs/sciti2/evidence-table.md
C010,2026-09-17,routing,effect size,ship_cost_mult; co2_mult,"Gartner TMS ROI band, relayed by Oracle",,https://www.oracle.com/scm/logistics/transportation-management/what-is-transportation-management-system/,5–15% total freight cost. Primary paywalled.,IND (secondary),not recorded,LOW-HIGH range,0.92 kept; co2 0.94 (was 0.90),docs/sciti2/evidence-table.md
C011,2026-09-17,routing,effect size,ship_cost_mult; co2_mult,"UPS ORION, INFORMS Edelman (2016)",2016,https://www.informs.org/Impact/O.R.-Analytics-Success-Stories/Optimizing-Delivery-Routes,"100M fewer miles/yr, 100 kt CO2, $300–400M/yr; ≈3–4% of package-car miles; ~$250M to build.","Case, independently verified",not recorded,context,0.92 kept; co2 0.94 (was 0.90),docs/sciti2/evidence-table.md
C012,2026-09-17,routing,effect size,ship_cost_mult; co2_mult,"Karimipour et al. (2017), IJESD 8(11)",2017,https://www.ijesd.org/vol8/1056-D54.pdf,"−10% distance, −11% fuel, −10% GHG on one fleet.",PR (small),not recorded,context,0.92 kept; co2 0.94 (was 0.90),docs/sciti2/evidence-table.md
C013,2026-09-17,routing,effect size,ship_cost_mult; co2_mult,"Cruijssen et al. (2007), IJPDLM 37(4)",2007,https://www.emerald.com/insight/content/doi/10.1108/09600030710752514/full/html,"Joint route planning ~30%: collaborative upper bound, computational.",PR,not recorded,context,0.92 kept; co2 0.94 (was 0.90),docs/sciti2/evidence-table.md
C014,2026-09-17,routing,effect size,ship_cost_mult; co2_mult,"Kay et al. (2022), TRR",2022,https://doi.org/10.1177/03611981211041596,Long-haul multi-stop gains are single-digit % over good heuristics.,PR,not recorded,context,0.92 kept; co2 0.94 (was 0.90),docs/sciti2/evidence-table.md
C015,2026-09-17,rfid,effect size,record_error_sd x; shrink_rate x,"Hardgrave, Aloysius & Goyal (2013), POMS 22(4), Walmart, 13 stores",2013,https://onlinelibrary.wiley.com/doi/abs/10.1111/poms.12010,Record inaccuracy −26% vs control (case-level tags).,PR field experiment,not recorded,LOW anchor,0.2 kept (0.25 at stores); shrink 0.8 (was 0.5),docs/sciti2/evidence-table.md
C016,2026-09-17,rfid,effect size,record_error_sd x; shrink_rate x,"Hardgrave et al. (2008/2011), IJRFT",2008,https://rfid.auburn.edu/papers/documents/DoesRFIDImproveInventoryAccuracy.pdf,"Understated records −13%; baseline 65% of records inaccurate (Raman, DeHoratius & Ton 2001).",PR,not recorded,context,0.2 kept (0.25 at stores); shrink 0.8 (was 0.5),docs/sciti2/evidence-table.md
C017,2026-09-17,rfid,effect size,record_error_sd x; shrink_rate x,"Hardgrave, Waller & Miller (2008), MISQE 7(4), 24 Walmart stores",2008,https://aisel.aisnet.org/misqe/vol7/iss4/4/,Out-of-stocks −26% (−21% net of controls).,PR,not recorded,context,0.2 kept (0.25 at stores); shrink 0.8 (was 0.5),docs/sciti2/evidence-table.md
C018,2026-09-17,rfid,effect size,record_error_sd x; shrink_rate x,"Auburn RFID Lab & GS1 US (2018), Project Zipper, >1M items, 8 brands, 5 retailers",2018,https://www.supplychaindive.com/news/RFID-100-accurate-ROI-Auburn/539449/,Shipment errors in 69% of orders → <0.01% with item-level EPC. Directly relevant to CM/DC record error.,"IND (academic lab, GS1-funded)",not recorded,HIGH anchor,0.2 kept (0.25 at stores); shrink 0.8 (was 0.5),docs/sciti2/evidence-table.md
C019,2026-09-17,rfid,effect size,record_error_sd x; shrink_rate x,"Beck / ECR Retail Loss (2018), 10 retailers",2018,https://www.rfidjournal.com/news/ecr-retail-loss-group-issues-report-on-rfid-in-retailing/191458/,Accuracy 65–75% → 93–99%; stock −2 to −13%; one firm shrink −15%; all report ROI.,"IND (sponsored, self-reported)",not recorded,MID anchor,0.2 kept (0.25 at stores); shrink 0.8 (was 0.5),docs/sciti2/evidence-table.md
C020,2026-09-17,rfid,effect size,record_error_sd x; shrink_rate x,"ECR Retail Loss (2025), 25 retailers",2025,https://ecrloss.com/rfid-retail-case-studies-25-retailers/,60–75% → 95–99%; sales +5–8%.,IND (secondary),not recorded,context,0.2 kept (0.25 at stores); shrink 0.8 (was 0.5),docs/sciti2/evidence-table.md
C021,2026-09-17,rfid,effect size,record_error_sd x; shrink_rate x,"Auburn ""Inventory Accuracy"" whitepaper",,https://rfid.auburn.edu/papers/documents/InventoryAccuracyWhitepaper.pdf,"The ""65% → 95%"" number depends on the metric (exact match vs magnitude).",Lab note,not recorded,context,0.2 kept (0.25 at stores); shrink 0.8 (was 0.5),docs/sciti2/evidence-table.md
C022,2026-09-17,rfid,effect size,record_error_sd x; shrink_rate x,Checkpoint (2022) RF label press release; NRF 2023 shrink 1.6% of sales,2022,https://nrf.com/media-center/press-releases/shrink-accounted-over-112-billion-industry-losses-2022-according-nrf,Shrink −50% on previously unprotected items (EAS-style).,VND,not recorded,HIGH anchor for shrink (vendor),0.2 kept (0.25 at stores); shrink 0.8 (was 0.5),docs/sciti2/evidence-table.md
C023,2026-09-17,wh_robotics,effect size,handling_cost_per_unit x; dispatch_delay_days,Amazon/Kiva via Deutsche Bank (2016),2016,https://finance.yahoo.com/news/amazons-775-million-deal-robotics-200246489.html,"~20% lower operating cost per fulfilment centre; click-to-ship 60–75 min → 15 min. Origin of ""20%"".",ANEC (company + analyst),not recorded,MID anchor,0.8 kept; -0.6 day (was -1.0),docs/sciti2/evidence-table.md
C024,2026-09-17,wh_robotics,effect size,handling_cost_per_unit x; dispatch_delay_days,"Azadeh, de Koster & Roy (2019), Transportation Science 53(4)",2019,https://doi.org/10.1287/trsc.2018.0873,Robotic mobile fulfilment 2–3× picker productivity; picking ~55% of warehouse opex.,PR review,not recorded,HIGH anchor,0.8 kept; -0.6 day (was -1.0),docs/sciti2/evidence-table.md
C025,2026-09-17,wh_robotics,effect size,handling_cost_per_unit x; dispatch_delay_days,"Boysen, de Koster & Weidinger (2019), EJOR 277(2)",2019,,Same 2–3× figure.,PR review,not recorded,context,0.8 kept; -0.6 day (was -1.0),docs/sciti2/evidence-table.md
C026,2026-09-17,wh_robotics,effect size,handling_cost_per_unit x; dispatch_delay_days,"DHL + Locus (2024, 2026)",2024,https://group.dhl.com/en/media-relations/press-releases/2024/dhl-supply-chain-passes-unprecedented-500-million-picks-milestone-using-locus-robotics-autonomous-mobile-robots.html,Units per hour +30% to +180%; one site 78 → 150.,VND (large base),not recorded,LOW anchor,0.8 kept; -0.6 day (was -1.0),docs/sciti2/evidence-table.md
C027,2026-09-17,wh_robotics,effect size,handling_cost_per_unit x; dispatch_delay_days,"McKinsey (2023), ""Getting warehouse automation right""",2023,https://www.mckinsey.com/capabilities/operations/our-insights/getting-warehouse-automation-right,"Operating cost up to −30%, labour up to −35%.",IND,not recorded,context,0.8 kept; -0.6 day (was -1.0),docs/sciti2/evidence-table.md
C028,2026-09-17,wh_robotics,effect size,handling_cost_per_unit x; dispatch_delay_days,"Kardex (2024), AutoStore cost",2024,https://www.kardex.com/en-us/blog/how-much-does-autostore-cost,"$1M–$50M+, typical $3–6M, payback 2–3 years.",VND,not recorded,context,0.8 kept; -0.6 day (was -1.0),docs/sciti2/evidence-table.md
C029,2026-09-17,wh_robotics,effect size,handling_cost_per_unit x; dispatch_delay_days,RaaS pricing guides (2026),2026,https://robotomated.com/learn/cost/warehouse-robot-cost-guide,AMR $25–50k each or $2–4k/robot/month; GTP $2–10M for 20k SKUs; payback 18–36 months.,VND (secondary),not recorded,context,0.8 kept; -0.6 day (was -1.0),docs/sciti2/evidence-table.md
C030,2026-09-17,control_tower,effect size,visibility,"Cachon & Fisher (2000), Mgmt Sci 46(8)",2000,,"Full information sharing cuts supply chain cost 2.2% on average, max 12%; halving lead time or batch size saves ~21–22%. LOW anchor.",PR,not recorded,LOW anchor,"0.6 (was 1.0); LOW 0.25-0.35, HIGH 0.85-0.95",docs/sciti2/evidence-table.md
C031,2026-09-17,control_tower,effect size,visibility,"Chen, Drezner, Ryan & Simchi-Levi (2000), Mgmt Sci 46(3)",2000,,"With shared demand, bullwhip grows additively across stages instead of multiplicatively: ""reduced but not eliminated"".",PR,not recorded,context,"0.6 (was 1.0); LOW 0.25-0.35, HIGH 0.85-0.95",docs/sciti2/evidence-table.md
C032,2026-09-17,control_tower,effect size,visibility,"Lee, Padmanabhan & Whang (1997), Mgmt Sci 43(4)",1997,,Sharing removes one of four bullwhip causes.,PR,not recorded,context,"0.6 (was 1.0); LOW 0.25-0.35, HIGH 0.85-0.95",docs/sciti2/evidence-table.md
C033,2026-09-17,control_tower,effect size,visibility,"Lee, So & Tang (2000), Mgmt Sci 46(5)",2000,,Value high when demand is autocorrelated and lead times long (true for this model's 9 of 24 autocorrelated series).,PR,not recorded,context,"0.6 (was 1.0); LOW 0.25-0.35, HIGH 0.85-0.95",docs/sciti2/evidence-table.md
C034,2026-09-17,control_tower,effect size,visibility,"Croson & Donohue (2006), Mgmt Sci 52(3)",2006,https://faculty.wharton.upenn.edu/wp-content/uploads/2012/04/[34].pdf,"Sharing inventory positions: order variance distributor −52%, manufacturer −37% (significant), retailer −6%, wholesaler −9%. MID anchor; larger upstream.",PR lab experiment,not recorded,MID anchor,"0.6 (was 1.0); LOW 0.25-0.35, HIGH 0.85-0.95",docs/sciti2/evidence-table.md
C035,2026-09-17,control_tower,effect size,visibility,"Steckel, Gupta & Banerji (2004), Mgmt Sci 50(4)",2004,https://pubsonline.informs.org/doi/10.1287/mnsc.1030.0169,POS sharing can hurt with S-shaped demand.,PR,not recorded,LOW anchor (can hurt),"0.6 (was 1.0); LOW 0.25-0.35, HIGH 0.85-0.95",docs/sciti2/evidence-table.md
C036,2026-09-17,control_tower,effect size,visibility,"Trapero, Kourentzes & Fildes (2012), Omega 40(6)",2012,,Supplier forecast accuracy improves with retailer POS data.,PR,not recorded,context,"0.6 (was 1.0); LOW 0.25-0.35, HIGH 0.85-0.95",docs/sciti2/evidence-table.md
C037,2026-09-17,control_tower,effect size,visibility,"Sheffi (2002), ""The value of CPFR"", MIT",2002,https://web.mit.edu/sheffi/www/documents/genMedia.theValueOfCPFR.pdf,"Pilots: forecast accuracy +21–40%, DC stock −13%, inventory −10–40%.",IND (optimistic),not recorded,context,"0.6 (was 1.0); LOW 0.25-0.35, HIGH 0.85-0.95",docs/sciti2/evidence-table.md
C038,2026-09-17,control_tower,effect size,visibility,"Cachon & Fisher (1997), POM 6(3), Campbell CRP",1997,,"Retailer inventory −66% with fill held: decision transfer, not sharing alone. HIGH anchor.",PR case,not recorded,HIGH anchor,"0.6 (was 1.0); LOW 0.25-0.35, HIGH 0.85-0.95",docs/sciti2/evidence-table.md
C039,2026-09-17,control_tower,effect size,visibility,"Dong, Dresner & Yao (2014), POM 23(5)",2014,,"VMI reduces inventory, stockouts, variability.",PR,not recorded,context,"0.6 (was 1.0); LOW 0.25-0.35, HIGH 0.85-0.95",docs/sciti2/evidence-table.md
C040,2026-09-17,control_tower,effect size,visibility,McKinsey (2023/24) supply chain surveys,2023,https://www.mckinsey.com/capabilities/operations/our-insights/supply-chain-risk-survey-2024,"Control tower cases: inventory −10%, turns +15–20%.",IND,not recorded,context,"0.6 (was 1.0); LOW 0.25-0.35, HIGH 0.85-0.95",docs/sciti2/evidence-table.md
C041,2026-09-17,control_tower,effect size,visibility,"Gartner (2018) ""Don't believe the control tower hype""",2018,,Vendor claims outrun evidence.,IND,not recorded,context,"0.6 (was 1.0); LOW 0.25-0.35, HIGH 0.85-0.95",docs/sciti2/evidence-table.md
C042,2026-09-17,ml_forecast,effect size,forecast_skill,"Makridakis, Spiliotis & Assimakopoulos (2022), IJF 38(4), M5",2022,https://www.sciencedirect.com/science/article/pii/S0169207021001874,"Winner 22.4% better than exponential smoothing; only 7.5% of 5,507 teams beat ES at all; by level ~40% at total, ~23% mid, ~3% product-store.",PR (verified),not recorded,MID anchor; level effect (stores LOW),"0.3 at DC/MFG, 0.1 at stores (was 0.3 everywhere)",docs/sciti2/evidence-table.md
C043,2026-09-17,ml_forecast,effect size,forecast_skill,"Makridakis et al. (2020), IJF 36(1), M4",2020,,Hybrid ES-RNN ~10% better than Comb; pure ML mostly below simple stats.,PR,not recorded,context,"0.3 at DC/MFG, 0.1 at stores (was 0.3 everywhere)",docs/sciti2/evidence-table.md
C044,2026-09-17,ml_forecast,effect size,forecast_skill,"Makridakis et al. (2018), PLoS ONE 13(3)",2018,https://journals.plos.org/plosone/article?id=10.1371/journal.pone.0194889,"Eight ML methods dominated by ETS/ARIMA/Theta on 1,045 series. Counter-evidence.",PR,not recorded,LOW anchor,"0.3 at DC/MFG, 0.1 at stores (was 0.3 everywhere)",docs/sciti2/evidence-table.md
C045,2026-09-17,ml_forecast,effect size,forecast_skill,"Salinas et al. (2020), IJF 36(3), DeepAR",2020,https://www.sciencedirect.com/science/article/pii/S0169207019301888,~15% over state of the art incl. Amazon demand.,PR (vendor-authored),not recorded,context,"0.3 at DC/MFG, 0.1 at stores (was 0.3 everywhere)",docs/sciti2/evidence-table.md
C046,2026-09-17,ml_forecast,effect size,forecast_skill,"Theodorou, Spiliotis & Assimakopoulos (2025), EJOR 322(2)",2025,https://www.sciencedirect.com/science/article/abs/pii/S0377221724009755,"The accuracy → inventory-performance link is ""often weak"". Matches this model's finding.",PR,not recorded,context,"0.3 at DC/MFG, 0.1 at stores (was 0.3 everywhere)",docs/sciti2/evidence-table.md
C047,2026-09-17,ml_forecast,effect size,forecast_skill,"Fildes, Ma & Kolassa (2022), IJF 38(4), retail review",2022,https://eprints.lancs.ac.uk/id/eprint/161956/1/PostScipt_2109127_final_v2.pdf,ML wins when promotions/prices/weather are available; ETS competitive in stable conditions.,PR review,not recorded,context,"0.3 at DC/MFG, 0.1 at stores (was 0.3 everywhere)",docs/sciti2/evidence-table.md
C048,2026-09-17,ml_forecast,effect size,forecast_skill,"Caro & Gallien (2010), Interfaces 40(1), Zara",2010,https://web.mit.edu/jgallien/www/ZaraInterfacesPaperDraftFeb23.pdf,Forecast + optimisation: sales +3–4% in a controlled pilot.,PR field experiment,not recorded,context,"0.3 at DC/MFG, 0.1 at stores (was 0.3 everywhere)",docs/sciti2/evidence-table.md
C049,2026-09-17,ml_forecast,effect size,forecast_skill,"McKinsey (2017), ""Smartening up with AI""",2017,https://www.mckinsey.com/industries/semiconductors/our-insights/smartening-up-with-artificial-intelligence,"Errors −20–50%, lost sales −65%. Origin of the widely repeated number; no sample. Upper bound.",IND,not recorded,HIGH anchor (unsourced sample),"0.3 at DC/MFG, 0.1 at stores (was 0.3 everywhere)",docs/sciti2/evidence-table.md
C050,2026-09-17,aps,effect size,capacity_mult,"Siemens Drives, Congleton (Opcenter APS)",,https://resources.sw.siemens.com/en-US/case-study-siemens-drives/,Utilisation +14%; WIP −60% in one cell; FG inventory −20%.,VND / ANEC,not recorded,HIGH anchor,"+0.08 kept; LOW +0.03, HIGH +0.15",docs/sciti2/evidence-table.md
C051,2026-09-17,aps,effect size,capacity_mult,Narayan Powertech (Opcenter APS),,https://resources.sw.siemens.com/en-US/case-study-narayan-powertech/,Capacity utilisation +15–20%; lead time 4 → 2.5 weeks.,VND / ANEC,not recorded,HIGH anchor,"+0.08 kept; LOW +0.03, HIGH +0.15",docs/sciti2/evidence-table.md
C052,2026-09-17,aps,effect size,capacity_mult,AQ Electric (Opcenter APS),,https://resources.sw.siemens.com/en-US/case-study-aq-electric-opcenter/,Changeover −15%; OTIF to 98%.,VND / ANEC,not recorded,context,"+0.08 kept; LOW +0.03, HIGH +0.15",docs/sciti2/evidence-table.md
C053,2026-09-17,aps,effect size,capacity_mult,"BCG AI scheduling, via SCW.ai / Manufacturing Digital (2024–25)",2024,https://manufacturingdigital.com/news/unlocking-factory-capacity-with-ai-driven-efficiency,OEE +3 points; planner effort −50%. Primary BCG note not located.,IND (secondary),not recorded,LOW anchor,"+0.08 kept; LOW +0.03, HIGH +0.15",docs/sciti2/evidence-table.md
C054,2026-09-17,aps,effect size,capacity_mult,McKinsey / WEF Global Lighthouse Network,,https://www.mckinsey.com/capabilities/operations/our-insights/the-continuing-evolution-of-the-global-lighthouse-network,"20–60% KPI gains, bundled with many levers; strong selection bias.",IND,not recorded,context,"+0.08 kept; LOW +0.03, HIGH +0.15",docs/sciti2/evidence-table.md
C055,2026-09-17,aps,effect size,capacity_mult,"Kjellsdotter Ivert & Jonsson (2010), IMDS 110(5); Jonsson, Kjellsdotter & Rudberg (2007), IJPDLM",2010,https://www.emerald.com/insight/content/doi/10.1108/02635571011044713/full/html,APS benefits are mostly lower inventory and better OTD; no throughput %.,PR (qualitative),not recorded,context,"+0.08 kept; LOW +0.03, HIGH +0.15",docs/sciti2/evidence-table.md
C056,2026-09-17,aps,effect size,capacity_mult,"Wiers (2002), PPC 13(6); Chen et al. (2011), JSSSE",2002,,APS schedules beat manual expert schedules on due-date and utilisation measures (sizes paywalled).,PR,not recorded,context,"+0.08 kept; LOW +0.03, HIGH +0.15",docs/sciti2/evidence-table.md
C057,2026-09-17,aps,effect size,capacity_mult,Aberdeen benchmarks via SDCExec,,,Best-in-class OTD 95–98% vs 80–85% average; correlational.,IND,not recorded,context,"+0.08 kept; LOW +0.03, HIGH +0.15",docs/sciti2/evidence-table.md
C058,2026-09-17,risk_intel,effect size,recovery_weeks_saved; warning_prob; early_warning_weeks,"Banker, Forbes (2016), GM and Resilinc",2016,https://www.forbes.com/sites/stevebanker/2016/05/31/general-motors-embraces-supply-chain-resiliency/,Detection 6 weeks (2011) → 6 hours (2016).,ANEC (vendor-adjacent),not recorded,MID anchor (detection lag),"min(2 weeks, 25% of outage); warning 0.3; lead 2 weeks",docs/sciti2/evidence-table.md
C059,2026-09-17,risk_intel,effect size,recovery_weeks_saved; warning_prob; early_warning_weeks,Resilinc case studies; SDCExec on Flextronics,,https://resilinc.ai/learning-center/case-studies/,At-risk parts identified in 4 days (Hurricane Maria); an OEM later cut buffers 15%.,VND / ANEC,not recorded,context,"min(2 weeks, 25% of outage); warning 0.3; lead 2 weeks",docs/sciti2/evidence-table.md
C060,2026-09-17,risk_intel,effect size,recovery_weeks_saved; warning_prob; early_warning_weeks,Resilinc EventWatch 2018 and 2024; factory-fires report,2018,https://www.globenewswire.com/news-release/2025/01/21/3012562/0/en/Global-Supply-Chains-See-Nearly-40-Annual-Increase-in-Disruptions.html,"22,522 alerts in 2024 (+38%); 2,299 factory fires, 9% with >4 weeks downtime; natural-disaster site recovery 19–25 weeks.",VND (only large-N dataset),not recorded,context,"min(2 weeks, 25% of outage); warning 0.3; lead 2 weeks",docs/sciti2/evidence-table.md
C061,2026-09-17,risk_intel,effect size,recovery_weeks_saved; warning_prob; early_warning_weeks,BCI Supply Chain Resilience Report 2024 and 10-year trend (2009–2018),2024,https://www.thebci.org/resource/bci-supply-chain-resilience-report-2024.html,"~80% of firms had ≥1 disruption in 2024; 1–5 per year for 40–55% of firms; 80% lose <€1M/yr, 6% lose >€11M/yr.",IND,not recorded,disruption frequency anchor,"min(2 weeks, 25% of outage); warning 0.3; lead 2 weeks",docs/sciti2/evidence-table.md
C062,2026-09-17,risk_intel,effect size,recovery_weeks_saved; warning_prob; early_warning_weeks,"McKinsey Global Institute (2020), ""Risk, resilience, and rebalancing""",2020,https://www.mckinsey.com/capabilities/operations/our-insights/risk-resilience-and-rebalancing-in-global-value-chains,"A ≥1-month disruption every 3.7 years; ~2-week ones every ~2 years; shocks cost ~45% of a year's EBITDA per decade. Modelled, not observed.",IND,not recorded,disruption frequency anchor,"min(2 weeks, 25% of outage); warning 0.3; lead 2 weeks",docs/sciti2/evidence-table.md
C063,2026-09-17,risk_intel,effect size,recovery_weeks_saved; warning_prob; early_warning_weeks,"Hendricks & Singhal (2005), Mgmt Sci 51(5); (2005) POM 14(1); (2003) JOM",2005,https://pubsonline.informs.org/doi/10.1287/mnsc.1040.0353,"Per glitch: operating income −107%, sales −7%, costs +11%; ~−40% shareholder value over 3 years. Loss anchor; no monitoring counterfactual.",PR,not recorded,context,"min(2 weeks, 25% of outage); warning 0.3; lead 2 weeks",docs/sciti2/evidence-table.md
C064,2026-09-17,risk_intel,effect size,recovery_weeks_saved; warning_prob; early_warning_weeks,"Simchi-Levi, Schmidt & Wei (2014), HBR; Simchi-Levi et al. (2015), Interfaces 45(5), Ford",2014,https://hbr.org/2014/01/from-superstorms-to-factory-fires-managing-unpredictable-supply-chain-disruptions,Time-to-recover is a property of the supplier site (2–8 weeks typical at Ford); risk = sites where TTR > time-to-survive.,PR,not recorded,context,"min(2 weeks, 25% of outage); warning 0.3; lead 2 weeks",docs/sciti2/evidence-table.md
C065,2026-09-17,risk_intel,effect size,recovery_weeks_saved; warning_prob; early_warning_weeks,"Matsuo (2015), IJPE 161; IEEE Spectrum on Renesas",2015,https://www.sciencedirect.com/science/article/abs/pii/S0925527314002278,Renesas fab ~3 months to restart; Toyota ~3 months to regain output.,PR / press,not recorded,context,"min(2 weeks, 25% of outage); warning 0.3; lead 2 weeks",docs/sciti2/evidence-table.md
C066,2026-09-17,risk_intel,effect size,recovery_weeks_saved; warning_prob; early_warning_weeks,"Macdonald & Corsi (2013), JBL 34(4)",2013,https://onlinelibrary.wiley.com/doi/abs/10.1111/jbl.12026,Firms discover disruptions by phone calls and news; discovery method drives response speed.,PR (qualitative),not recorded,context,"min(2 weeks, 25% of outage); warning 0.3; lead 2 weeks",docs/sciti2/evidence-table.md
C067,2026-09-17,risk_intel,effect size,recovery_weeks_saved; warning_prob; early_warning_weeks,Everstream FAQ and Schaeffler case,,https://www.everstream.ai/platform/global-monitoring/,"Weather/route risk forecast up to 14 days ahead; ""seven-figure cost avoidance"" claims.",VND,not recorded,lead time anchor (up to 14 days),"min(2 weeks, 25% of outage); warning 0.3; lead 2 weeks",docs/sciti2/evidence-table.md
C068,2026-09-17,risk_intel,effect size,recovery_weeks_saved; warning_prob; early_warning_weeks,Interos / Vanson Bourne (2021),2021,,Large firms average $184M/yr disruption cost.,VND-funded survey,not recorded,context,"min(2 weeks, 25% of outage); warning 0.3; lead 2 weeks",docs/sciti2/evidence-table.md
C069,2026-09-17,risk_intel,effect size,recovery_weeks_saved; warning_prob; early_warning_weeks,"Transportation Research Part E (2025), 526 Chinese manufacturers",2025,https://www.sciencedirect.com/science/article/pii/S1366554525004697,Visibility improves resilience (direction only).,PR,not recorded,context,"min(2 weeks, 25% of outage); warning 0.3; lead 2 weeks",docs/sciti2/evidence-table.md
C070,2026-09-19,risk_intel,effect size,recovery_weeks_saved; warning_prob; early_warning_weeks,"Jain, Girotra & Netessine (2022), M&SOM 24(2):846–863, ~1,460 US firm-category import series",2022,https://lbsresearch.london.edu/id/eprint/1525/1/RecoveringFromSourcingInterruptions_MSOM.pdf,"Typical recovery to 99% of pre-interruption sourcing takes ~3 months. One SD more long-term supplier relationships: 20% faster recovery. One SD less diversification: 16% faster (diversified firms lean on smaller, slower suppliers). Does not measure monitoring, but is the best evidence that firm-level levers move recovery time *proportionally*, 15–20% per SD.",PR (full text),page or full text,form: proportional 16-20%,"min(2 weeks, 25% of outage); warning 0.3; lead 2 weeks",docs/sciti2/risk-intel-evidence-and-sensitivity.md
C071,2026-09-19,risk_intel,effect size,recovery_weeks_saved; warning_prob; early_warning_weeks,McKinsey supply chain pulse survey (2022),2022,https://www.mckinsey.com/capabilities/operations/our-insights/taking-the-pulse-of-shifting-supply-chains,"Firms with end-to-end visibility dashboards were ""twice as likely"" to avoid supply chain problems in early 2022. Avoidance, not duration; self-reported.",IND,snippet/abstract,context,"min(2 weeks, 25% of outage); warning 0.3; lead 2 weeks",docs/sciti2/risk-intel-evidence-and-sensitivity.md
C072,2026-09-19,risk_intel,effect size,recovery_weeks_saved; warning_prob; early_warning_weeks,McKinsey supply chain risk survey (2025),2025,https://www.mckinsey.com/capabilities/operations/our-insights/supply-chain-risk-survey,90% have tier-1 visibility; only 58% at tier 2 and beyond.,IND,snippet/abstract,context,"min(2 weeks, 25% of outage); warning 0.3; lead 2 weeks",docs/sciti2/risk-intel-evidence-and-sensitivity.md
C073,2026-09-19,risk_intel,effect size,recovery_weeks_saved; warning_prob; early_warning_weeks,"Capgemini Research Institute (2020), ""Fast forward""",2020,https://www.capgemini.com/wp-content/uploads/2020/11/Fast-forward_Report.pdf,68% took more than 3 months to recover from COVID disruption. No split by visibility.,IND,snippet/abstract,context,"min(2 weeks, 25% of outage); warning 0.3; lead 2 weeks",docs/sciti2/risk-intel-evidence-and-sensitivity.md
C074,2026-09-19,risk_intel,effect size,recovery_weeks_saved; warning_prob; early_warning_weeks,"Chen (2025), Transportation Research Part E",2025,https://www.sciencedirect.com/science/article/abs/pii/S1366554525004697,Visibility improves resilience; slack strengthens the effect; weak or null for firms with concentrated suppliers. Effect sizes not obtained.,PR,snippet/abstract,context,"min(2 weeks, 25% of outage); warning 0.3; lead 2 weeks",docs/sciti2/risk-intel-evidence-and-sensitivity.md
C075,2026-09-19,risk_intel,effect size,recovery_weeks_saved; warning_prob; early_warning_weeks,"Todo, Nakajima & Matous (2015), J. Regional Science 55(2)",2015,https://onlinelibrary.wiley.com/doi/abs/10.1111/jors.12119,"After Tōhoku, diversified supplier networks sped recovery on net. About network structure, not monitoring.",PR,snippet/abstract,context,"min(2 weeks, 25% of outage); warning 0.3; lead 2 weeks",docs/sciti2/risk-intel-evidence-and-sensitivity.md
C076,2026-09-19,risk_intel,effect size,recovery_weeks_saved; warning_prob; early_warning_weeks,"Bode & Macdonald (2017), Decision Sciences 48(5)",2017,https://onlinelibrary.wiley.com/doi/10.1111/deci.12245,"Models recognition, diagnosis, development, and implementation speed as drivers of disruption impact. Measures impact, not weeks.",PR,snippet/abstract,context,"min(2 weeks, 25% of outage); warning 0.3; lead 2 weeks",docs/sciti2/risk-intel-evidence-and-sensitivity.md
C077,2026-09-19,risk_intel,effect size,recovery_weeks_saved; warning_prob; early_warning_weeks,"Nokia vs Ericsson, Philips fire, March 2000 (Norrman & Jansson 2004, IJPDLM 34(5); Sheffi, The Resilient Enterprise)",2000,https://husdal.com/2008/10/18/ericsson-versus-nokia-the-now-classic-case-of-supply-chain-disruption/,"Both firms got the same call on day 3. Nokia escalated that day and tied up alternate capacity; Ericsson grasped the seriousness ~2 weeks in and engaged senior management ~3 weeks in, when spare capacity was gone. Ericsson lost ~$400M in sales and later left handset manufacturing. The 2–3 week gap was assessment and decision, not detection, and the penalty was far larger than 2–3 weeks because alternate capacity went first-come.",ANEC,page or full text,MID anchor (2-3 week decision lag),"min(2 weeks, 25% of outage); warning 0.3; lead 2 weeks",docs/sciti2/risk-intel-evidence-and-sensitivity.md
C078,2026-09-19,risk_intel,effect size,recovery_weeks_saved; warning_prob; early_warning_weeks,"Cisco, Tōhoku 2011 (WDI Publishing case)",2011,https://wdi-publishing.com/product/cisco-scrm-in-action-2011-tohoku-earthquake/,"Incident manager alerted within 30 minutes; all direct suppliers, sites, and parts in the zone identified within 12 hours; revenue loss ""negligible"".",ANEC,page or full text,context,"min(2 weeks, 25% of outage); warning 0.3; lead 2 weeks",docs/sciti2/risk-intel-evidence-and-sensitivity.md
C079,2026-09-19,risk_intel,effect size,recovery_weeks_saved; warning_prob; early_warning_weeks,"Intel, Tōhoku 2011 (Sheffi, The Power of Resilience)",2011,https://supplychaindigital.com/logistics/intel-supply-chain-poised-withstand-global-disasters,Every risk known within the first 10 days. A floor: even a top program needs ~1.5 weeks for the full sub-tier picture.,ANEC,snippet/abstract,floor: ~10 days even for top programs,"min(2 weeks, 25% of outage); warning 0.3; lead 2 weeks",docs/sciti2/risk-intel-evidence-and-sensitivity.md
C080,2026-09-19,risk_intel,effect size,recovery_weeks_saved; warning_prob; early_warning_weeks,Toyota RESCUE database,,https://global.toyota/en/detail/11373994,"Mapped ~6,800 items after 2011; avoided multi-week halts after Kumamoto 2016. Confounded with added buffers and dual sourcing.",ANEC,page or full text,context,"min(2 weeks, 25% of outage); warning 0.3; lead 2 weeks",docs/sciti2/risk-intel-evidence-and-sensitivity.md
C081,2026-09-19,risk_intel,effect size,recovery_weeks_saved; warning_prob; early_warning_weeks,"Renesas Naka fab, 2011 (IEEE Spectrum)",2011,https://spectrum.ieee.org/how-japanese-chipmaker-renesas-recovered-from-the-earthquake,"Physical recovery cut by ~3 months by up to 2,500 workers a day sent by customers. The largest cut in recovery time came from supplier-side help, not sensing.",ANEC,page or full text,context,"min(2 weeks, 25% of outage); warning 0.3; lead 2 weeks",docs/sciti2/risk-intel-evidence-and-sensitivity.md
C082,2026-09-19,risk_intel,effect size,recovery_weeks_saved; warning_prob; early_warning_weeks,DHL Resilience360 Annual Risk Report 2019,2019,https://www.globenewswire.com/news-release/2020/02/27/1991997/0/en/Resilience360-Annual-Risk-Report-Reveals-Impacts-of-2019-Supply-Chain-Disruptions-and-Predicts-2020-Supply-Chain-Risks.html,"High-impact incidents: industrial fires 27%, earthquakes 23%, theft 18%: at least 68% with no warning.",VND,page or full text,MID anchor (warning share),"min(2 weeks, 25% of outage); warning 0.3; lead 2 weeks",docs/sciti2/risk-intel-evidence-and-sensitivity.md
C083,2026-09-19,risk_intel,effect size,recovery_weeks_saved; warning_prob; early_warning_weeks,Resilinc EventWatch 2021 and 2024,2021,https://resilinc.ai/press-release/global-supply-chains-see-nearly-40-annual-increase-in-disruptions/,"Factory fires the top category six years running (10–17% of alerts); ~60% of alerts trigger a ""WarRoom""; foreseeable categories (M&A, leadership change) rarely cause outages. No precision or false-alarm figures published.",VND,page or full text,context,"min(2 weeks, 25% of outage); warning 0.3; lead 2 weeks",docs/sciti2/risk-intel-evidence-and-sensitivity.md
C084,2026-09-19,risk_intel,effect size,recovery_weeks_saved; warning_prob; early_warning_weeks,Everstream Analytics,,https://www.everstream.ai/solutions/weather-intelligence-and-analytics/,14+ day forecasts; one case with 8 days' lead before Hurricane Ian.,VND,page or full text,lead time anchor (up to 14 days),"min(2 weeks, 25% of outage); warning 0.3; lead 2 weeks",docs/sciti2/risk-intel-evidence-and-sensitivity.md
C085,2026-09-19,all,implementation failure,p_fail; p_partial; partial_fraction,Standish Group CHAOS 2020; CHAOS 2015 by project size,2020,https://opencommons.org/CHAOS_Report_on_IT_Project_Outcomes,"31% success / 50% challenged / 19% failed. By project size: small 61/32/7 … grand 6/51/43. Criticised as biased and non-replicable (Eveleens & Verhoef, *IEEE Software* 2010): use the shape, not the levels.",IND,page or full text,general prior; size gradient,general priors: BCG 30/44/26; Standish 31/50/19; 56% less value; fat-tailed overruns,docs/sciti2/implementation-failure-evidence.md
C086,2026-09-19,all,implementation failure,p_fail; p_partial; partial_fraction,"Flyvbjerg & Budzier (2011), HBR 89(9), 1,471 IT projects",2011,https://hbr.org/2011/09/why-your-it-project-may-be-riskier-than-you-think,"Mean cost overrun 27%; 1 in 6 is a ""black swan"" with ~+200% cost and ~+70% schedule. Overruns are fat-tailed.",PR-adjacent,page or full text,fat-tailed overruns,general priors: BCG 30/44/26; Standish 31/50/19; 56% less value; fat-tailed overruns,docs/sciti2/implementation-failure-evidence.md
C087,2026-09-19,all,implementation failure,p_fail; p_partial; partial_fraction,"Bloch, Blumberg & Laartz (McKinsey–Oxford, 2012), 5,400+ projects over $15M",2012,https://www.mckinsey.com/capabilities/tech-and-ai/our-insights/delivering-large-scale-it-projects-on-time-on-budget-and-on-value,"45% over budget, 7% over time, 56% less value than predicted; 17% go badly enough to threaten the company.",IND/PR hybrid,page or full text,general prior: 56% less value,general priors: BCG 30/44/26; Standish 31/50/19; 56% less value; fat-tailed overruns,docs/sciti2/implementation-failure-evidence.md
C088,2026-09-19,all,implementation failure,p_fail; p_partial; partial_fraction,"BCG (2020), ""Flipping the Odds"", ~900 transformations",2020,https://www.bcg.com/publications/2020/increasing-odds-of-success-in-digital-transformation,"30% met targets / 44% some value / 26% under half of target. The only real origin of any ""70%"" figure, and it means 70% fell short, not failed.",IND,page or full text,general prior 30/44/26,general priors: BCG 30/44/26; Standish 31/50/19; 56% less value; fat-tailed overruns,docs/sciti2/implementation-failure-evidence.md
C089,2026-09-19,all,implementation failure,p_fail; p_partial; partial_fraction,"Gartner (Aug 2024), n=306 logistics leaders at $500M+ firms",2024,https://www.gartner.com/en/newsroom/press-releases/2024-08-01-gartner-says-76-percent-of-logistics-transformations-fail-to-meet-critical-performance-metrics,"76% of logistics transformations miss at least one of budget, timeline, or KPI targets (= challenged + failed).",IND,page or full text,general prior: 76% miss a target,general priors: BCG 30/44/26; Standish 31/50/19; 56% less value; fat-tailed overruns,docs/sciti2/implementation-failure-evidence.md
C090,2026-09-19,all,implementation failure,p_fail; p_partial; partial_fraction,Gartner (Oct 2024),2024,https://www.gartner.com/en/newsroom/press-releases/2024-10-22-gartner-survey-reveals-that-only-48-percent-of-digital-initiatives-meet-or-exceed-their-business-outcome-targets,48% of digital initiatives meet or exceed outcome targets.,IND,snippet/abstract,context,general priors: BCG 30/44/26; Standish 31/50/19; 56% less value; fat-tailed overruns,docs/sciti2/implementation-failure-evidence.md
C091,2026-09-19,all,implementation failure,p_fail; p_partial; partial_fraction,Panorama Consulting ERP reports,,https://www.panorama-consulting.com/resource-center/erp-report-archives/,"Mid-2010s: ~55–58% over budget, ~65% late, 53% under half the expected benefits. 2026 (n=170): about a quarter over budget or late. Quote the old figures only with their date.",VND/IND,page or full text,context,general priors: BCG 30/44/26; Standish 31/50/19; 56% less value; fat-tailed overruns,docs/sciti2/implementation-failure-evidence.md
C092,2026-09-19,all,implementation failure,p_fail; p_partial; partial_fraction,"Cisco (2017), n=1,845",2017,https://newsroom.cisco.com/c/r/newsroom/en/us/a/y2017/m05/cisco-survey-reveals-close-to-three-fourths-of-iot-projects-are-failing.html,60% of IoT initiatives stall at proof of concept; 26% complete success. Stand-in for RFID and sensing.,VND,page or full text,context,general priors: BCG 30/44/26; Standish 31/50/19; 56% less value; fat-tailed overruns,docs/sciti2/implementation-failure-evidence.md
C093,2026-09-19,blockchain,implementation failure,p_fail; p_partial; partial_fraction,"Gartner (A. Litan) survey of blockchain service providers, via CoinDesk 2021",2021,https://www.coindesk.com/markets/2021/05/25/consensus-2021-6-questions-for-gartners-avivah-litan,"14% of enterprise blockchain projects moved into production in 2020, up from 5% in 2019. Best measured pilot-to-production rate.",IND,snippet/abstract,MID anchor (5-14% reach production),P(fail) 0.65 / partial 0.25 @ 0.3-0.5 / full 0.10; platform death 0.4-0.6 over 5 yrs,docs/sciti2/implementation-failure-evidence.md
C094,2026-09-19,blockchain,implementation failure,p_fail; p_partial; partial_fraction,"Capgemini Research Institute (2018), n≈450",2018,https://www.capgemini.com/in-en/wp-content/uploads/sites/18/2022/05/Digital-Blockchain-in-Supply-Chain-Report-4.pdf,"Supply chain blockchain deployments: 3% at scale, 10% pilot, 87% proof of concept.",IND,page or full text,MID anchor (3% at scale),P(fail) 0.65 / partial 0.25 @ 0.3-0.5 / full 0.10; platform death 0.4-0.6 over 5 yrs,docs/sciti2/implementation-failure-evidence.md
C095,2026-09-19,blockchain,implementation failure,p_fail; p_partial; partial_fraction,"Vadgama & Tasca (2021), Frontiers in Blockchain; 271 supply chain projects 2010–2020",2021,https://arxiv.org/abs/2010.00092,"9.6% identified as failed, 23.2% in production, 45.4% pilot, 21.8% development. Understates failure: data stop before the 2022–23 consortium collapses.",PR,snippet/abstract,LOW anchor (pre-2022 data),P(fail) 0.65 / partial 0.25 @ 0.3-0.5 / full 0.10; platform death 0.4-0.6 over 5 yrs,docs/sciti2/implementation-failure-evidence.md
C096,2026-09-19,blockchain,implementation failure,p_fail; p_partial; partial_fraction,"Kamilaris et al. (2019), Trends in Food Science & Technology",2019,https://arxiv.org/pdf/1908.07391,7 of 29 agri-food initiatives possibly inactive within ~2 years.,PR,snippet/abstract,context,P(fail) 0.65 / partial 0.25 @ 0.3-0.5 / full 0.10; platform death 0.4-0.6 over 5 yrs,docs/sciti2/implementation-failure-evidence.md
C097,2026-09-19,blockchain,implementation failure,p_fail; p_partial; partial_fraction,"Deloitte (2017), GitHub analysis, ~86,000 repositories",2017,https://www.deloitte.com/us/en/insights/industry/financial-services/evolution-of-blockchain-github-platform.html,"8% active; organisation-backed 15% vs 7%; mean life ~1 year; highest mortality in the first 6 months. Code repositories, not deployments.",IND,page or full text,context,P(fail) 0.65 / partial 0.25 @ 0.3-0.5 / full 0.10; platform death 0.4-0.6 over 5 yrs,docs/sciti2/implementation-failure-evidence.md
C098,2026-09-19,blockchain,implementation failure,p_fail; p_partial; partial_fraction,"Sternberg, Hofmann & Roeck (2021), J. Business Logistics 42(1)",2021,https://onlinelibrary.wiley.com/doi/10.1111/jbl.12240,Benefits need a critical mass of partners; inter-firm tensions block adoption.,PR,snippet/abstract,context,P(fail) 0.65 / partial 0.25 @ 0.3-0.5 / full 0.10; platform death 0.4-0.6 over 5 yrs,docs/sciti2/implementation-failure-evidence.md
C099,2026-09-19,blockchain,implementation failure,p_fail; p_partial; partial_fraction,TradeLens (Maersk–IBM) 2018–2023; we.trade 2017–2022; Marco Polo 2017–2023; HSBC Serai closed 2022,2018,https://www.supplychaindive.com/news/Maersk-IBM-shut-down-TradeLens/637580/ ; https://www.gtreview.com/news/top-stories/marco-polo-brings-in-liquidators-as-funds-run-dry/,Shared platforms went live and still died at 4–5.5 years; every member lost its integration spend at once. TradeLens: rivals distrusted a platform part-owned by a competitor.,ANEC,page or full text,platform-death hazard,P(fail) 0.65 / partial 0.25 @ 0.3-0.5 / full 0.10; platform death 0.4-0.6 over 5 yrs,docs/sciti2/implementation-failure-evidence.md
C100,2026-09-19,ml_forecast,implementation failure,p_fail; p_partial; partial_fraction,"Gartner ""AI in Organizations"" surveys, 2019 and 2022",2019,https://www.gartner.com/en/newsroom/press-releases/2022-08-22-gartner-survey-reveals-80-percent-of-executives-think-automation-can-be-applied-to-any-business-decision,"53–54% of AI prototypes reach production (so ~46% do not). Mostly large, AI-active firms.",IND,snippet/abstract,MID anchor (~46% never reach production),P(fail) 0.45 / partial 0.35 @ 0.5 / full 0.20,docs/sciti2/implementation-failure-evidence.md
C101,2026-09-19,ml_forecast,implementation failure,p_fail; p_partial; partial_fraction,"S&P Global Market Intelligence (2025), n=1,006",2025,https://www.spglobal.com/market-intelligence/en/news-insights/research/ai-experiences-rapid-adoption-but-with-mixed-outcomes-highlights-from-vote-ai-machine-learning,46% of proofs of concept scrapped before production; firms abandoning most AI initiatives rose 17% → 42% in a year.,IND,snippet/abstract,MID anchor,P(fail) 0.45 / partial 0.35 @ 0.5 / full 0.20,docs/sciti2/implementation-failure-evidence.md
C102,2026-09-19,ml_forecast,implementation failure,p_fail; p_partial; partial_fraction,"BCG (Oct 2024), n=1,000",2024,https://www.bcg.com/press/24october2024-ai-adoption-in-2024-74-of-companies-struggle-to-achieve-and-scale-value,74% have yet to show tangible value; 4% generate value consistently.,IND,page or full text,context,P(fail) 0.45 / partial 0.35 @ 0.5 / full 0.20,docs/sciti2/implementation-failure-evidence.md
C103,2026-09-19,ml_forecast,implementation failure,p_fail; p_partial; partial_fraction,"RAND (2024), Ryseff, De Bruhl & Newberry, 65 interviews",2024,https://www.rand.org/pubs/research_reports/RRA2680-1.html,"Root causes: leadership misalignment, data quality, deployment infrastructure. Its "">80%"" is second-hand.",IND,snippet/abstract,context,P(fail) 0.45 / partial 0.35 @ 0.5 / full 0.20,docs/sciti2/implementation-failure-evidence.md
C104,2026-09-19,ml_forecast,implementation failure,p_fail; p_partial; partial_fraction,"Fildes, Goodwin, Lawrence & Nikolopoulos (2009), IJF 25(1), 60,000+ forecasts at 4 companies",2009,https://www.sciencedirect.com/science/article/abs/pii/S0169207008001362,Planners adjusted up to 90%+ of system forecasts; small and upward adjustments typically reduced accuracy. Partial use is the main failure mode after go-live.,PR,snippet/abstract,partial-success mechanism (overrides),P(fail) 0.45 / partial 0.35 @ 0.5 / full 0.20,docs/sciti2/implementation-failure-evidence.md
C105,2026-09-19,ml_forecast,implementation failure,p_fail; p_partial; partial_fraction,"Morlidge (2013/14), Foresight; 8 companies",2013,https://forecasters.org/wp-content/uploads/FVA_A-Reality-Check_Foresight29.pdf,~52% of item-level forecasts were worse than a naive forecast.,IND,snippet/abstract,context,P(fail) 0.45 / partial 0.35 @ 0.5 / full 0.20,docs/sciti2/implementation-failure-evidence.md
C106,2026-09-19,ml_forecast,implementation failure,p_fail; p_partial; partial_fraction,Supply Chain Insights (2014),2014,,Demand planning: 82% satisfied; more often on time and on budget than supply planning.,IND,snippet/abstract,context,P(fail) 0.45 / partial 0.35 @ 0.5 / full 0.20,docs/sciti2/implementation-failure-evidence.md
C107,2026-09-19,risk_intel,implementation failure,p_fail; p_partial; partial_fraction,McKinsey supply chain pulse surveys 2021–2025,2021,https://www.mckinsey.com/capabilities/operations/our-insights/supply-chain-risk-survey-2024,Visibility beyond tier 1 *fell* in 2023–24 from its 2022 peak: capability lapses once a crisis passes.,IND,snippet/abstract,context,P(fail) 0.30 / partial 0.45 @ 0.35 / full 0.25,docs/sciti2/implementation-failure-evidence.md
C108,2026-09-19,risk_intel,implementation failure,p_fail; p_partial; partial_fraction,"Choi, Rogers & Vakil (2020), HBR; Resilinc survey n=300",2020,https://hbr.org/2020/03/coronavirus-is-a-wake-up-call-for-supply-chain-management,70% were still identifying affected suppliers by hand at COVID onset; one firm needed 100 people for over a year to map sub-tiers after 2011.,ANEC + VND,page or full text,context,P(fail) 0.30 / partial 0.45 @ 0.35 / full 0.25,docs/sciti2/implementation-failure-evidence.md
C109,2026-09-19,risk_intel,implementation failure,p_fail; p_partial; partial_fraction,Conflict-minerals SEC filings (supplier survey response rates),,,~50–70% per tier; compounding gives ~36% coverage at tier 2 and ~22% at tier 3.,ANEC,snippet/abstract,context,P(fail) 0.30 / partial 0.45 @ 0.35 / full 0.25,docs/sciti2/implementation-failure-evidence.md
C110,2026-09-19,risk_intel,implementation failure,p_fail; p_partial; partial_fraction,SaaS churn norms (KeyBanc/Bessemer via secondary sources),,,"Enterprise logo churn ~5–7% a year, mid-market ~10–12%, SMB 20%+: 15–50% over three years. No vendor-specific data.",IND/VND,page or full text,proxy for lapse rate,P(fail) 0.30 / partial 0.45 @ 0.35 / full 0.25,docs/sciti2/implementation-failure-evidence.md
C111,2026-09-19,control_tower,implementation failure,p_fail; p_partial; partial_fraction,"Gartner (2018), ""Don't believe the control tower hype""",2018,,Qualitative warning; no failure statistics.,IND,page or full text,context,P(fail) 0.25 / partial 0.50 @ 0.4 / full 0.25,docs/sciti2/implementation-failure-evidence.md
C112,2026-09-19,control_tower,implementation failure,p_fail; p_partial; partial_fraction,"Gartner (Sept 2023), n=600",2023,https://www.gartner.com/en/newsroom/press-releases/2023-09-27-gartner-says-80-percent-of-supply-chain-not-accounted-for-in-current-digital-decision-models,Digital decision models made no meaningful difference to decision quality; over half felt they would have decided better without them.,IND,snippet/abstract,context,P(fail) 0.25 / partial 0.50 @ 0.4 / full 0.25,docs/sciti2/implementation-failure-evidence.md
C113,2026-09-19,control_tower,implementation failure,p_fail; p_partial; partial_fraction,"Småros (2007), J. Operations Management 25",2007,https://www.sciencedirect.com/science/article/abs/pii/S0272696306000751,"Ten years after CPFR's launch, large-scale implementations were still scarce despite many pilots; four collaborations with one grocer all struggled to scale.",PR,snippet/abstract,multi-party scaling (pilots rarely scale),P(fail) 0.25 / partial 0.50 @ 0.4 / full 0.25,docs/sciti2/implementation-failure-evidence.md
C114,2026-09-19,control_tower,implementation failure,p_fail; p_partial; partial_fraction,AMR Research via Computerworld (~2002); META Group (n=105),2002,https://www.computerworld.com/article/1326011/cpfr-clamor-persists-but-adoption-remains-slow.html,CPFR pilots far more plentiful than scaled programs. Inference: under ~20–30% of pilot pairs scaled.,IND,snippet/abstract,context,P(fail) 0.25 / partial 0.50 @ 0.4 / full 0.25,docs/sciti2/implementation-failure-evidence.md
C115,2026-09-19,control_tower,implementation failure,p_fail; p_partial; partial_fraction,FourKites citing Gartner and MIT CTL,,,A disruption still takes 34+ manual updates across 6 systems: visibility without action.,VND,page or full text,context,P(fail) 0.25 / partial 0.50 @ 0.4 / full 0.25,docs/sciti2/implementation-failure-evidence.md
C116,2026-09-19,rfid,implementation failure,p_fail; p_partial; partial_fraction,Walmart mandate 2003–09,2003,https://spectrum.ieee.org/suppliers-resist-rfid-push,"About half of the top 100 suppliers tagging by Jan 2005; most did ""slap-and-ship"" with no benefit of their own; narrowed in 2007; penalty cut from $2–3 to $0.12 per pallet in Jan 2009. Collapse over 4–6 years.",ANEC,page or full text,mandated-follower pattern,P(fail) 0.20 / partial 0.40 @ 0.5-0.7 / full 0.40,docs/sciti2/implementation-failure-evidence.md
C117,2026-09-19,rfid,implementation failure,p_fail; p_partial; partial_fraction,JCPenney 2012–13,2012,https://www.rfidjournal.com/news/j-c-penney-defers-its-rfid-dreams/83724/,"Chain-wide item tagging cut back to a few categories within ~12 months (company distress, not the technology).",ANEC,page or full text,context,P(fail) 0.20 / partial 0.40 @ 0.5-0.7 / full 0.40,docs/sciti2/implementation-failure-evidence.md
C118,2026-09-19,rfid,implementation failure,p_fail; p_partial; partial_fraction,Accenture RFID in Retail studies (2018; 2020–21),2018,https://www.accenture.com/in-en/insights/retail/new-era-rfid,Pilot-only retailers 48% → 8%; full adoption 28% → 47%; 25% of pilots take over a year. No abandonment rate.,IND,snippet/abstract,context,P(fail) 0.20 / partial 0.40 @ 0.5-0.7 / full 0.40,docs/sciti2/implementation-failure-evidence.md
C119,2026-09-19,aps,implementation failure,p_fail; p_partial; partial_fraction,"McKinsey, ""Decoding success: how leaders get value from advanced planning systems""",,https://www.mckinsey.com/capabilities/operations/our-insights/decoding-success-how-leaders-get-value-from-advanced-planning-systems,"""Around 65% of APS programs fail to achieve their expected ROI""; over 60% of planning-IT transformations miss outcomes and overrun. Undisclosed sample.",IND,snippet/abstract,context,P(fail) 0.15 / partial 0.50 @ 0.45 / full 0.35,docs/sciti2/implementation-failure-evidence.md
C120,2026-09-19,aps,implementation failure,p_fail; p_partial; partial_fraction,McKinsey Global Supply Chain Leader Survey 2024; Risk Pulse 2025,2024,https://www.mckinsey.com/capabilities/operations/our-insights/supply-chain-risk-survey,15% say their APS implementation has not met business objectives; 2% failed and must be restarted.,IND,snippet/abstract,MID anchor (15% miss objectives; 2% restart),P(fail) 0.15 / partial 0.50 @ 0.45 / full 0.35,docs/sciti2/implementation-failure-evidence.md
C121,2026-09-19,aps,implementation failure,p_fail; p_partial; partial_fraction,Gartner via SCMR,,,44% of planners say transformation initiatives achieved half or fewer of targeted benefits.,IND,snippet/abstract,context,P(fail) 0.15 / partial 0.50 @ 0.45 / full 0.35,docs/sciti2/implementation-failure-evidence.md
C122,2026-09-19,aps,implementation failure,p_fail; p_partial; partial_fraction,Supply Chain Insights (2014),2014,,"Supply planning projects: 42% on time, 55% over budget, 59% satisfied; ~65% of firms still planning in Excel.",IND,page or full text,context,P(fail) 0.15 / partial 0.50 @ 0.45 / full 0.35,docs/sciti2/implementation-failure-evidence.md
C123,2026-09-19,aps,implementation failure,p_fail; p_partial; partial_fraction,"de Man & Strandhagen (2018), IFAC-PapersOnLine 51(11); Ivert & Jonsson (2011), IJPDLM 41(4)",2018,https://www.sciencedirect.com/science/article/pii/S2405896318315507,"Spreadsheets stay the planners' main tool despite APS; parallel systems, under-use, consultant dependency.",PR (cases),page or full text,context,P(fail) 0.15 / partial 0.50 @ 0.45 / full 0.35,docs/sciti2/implementation-failure-evidence.md
C124,2026-09-19,aps,implementation failure,p_fail; p_partial; partial_fraction,Nike–i2 (2000–01); Hershey (1999),2000,https://www.cio.com/article/264637/enterprise-resource-planning-nike-rebounds-how-nike-recovered-from-its-supply-chain-disaster.html,"~$100M and ~$150M of lost sales (about 1% and 3% of revenue). Both firms kept the systems. The tail risk is operational disruption, larger than the software cost.",ANEC,page or full text,tail risk (go-live disruption),P(fail) 0.15 / partial 0.50 @ 0.45 / full 0.35,docs/sciti2/implementation-failure-evidence.md
C125,2026-09-19,wh_robotics,implementation failure,p_fail; p_partial; partial_fraction,"McKinsey (Dec 2023), ""Getting warehouse automation right""",2023,https://www.mckinsey.com/capabilities/operations/our-insights/getting-warehouse-automation-right,"""Too many projects are not delivering""; no percentage; a $150M automated DC left largely unused.",IND,page or full text,context,P(fail) 0.15 / partial 0.55 @ 0.5-0.7 / full 0.30,docs/sciti2/implementation-failure-evidence.md
C126,2026-09-19,wh_robotics,implementation failure,p_fail; p_partial; partial_fraction,Mordor Intelligence via Total Retail,,,Integration overruns budgets by ~30% and timelines by up to a year.,IND,snippet/abstract,context,P(fail) 0.15 / partial 0.55 @ 0.5-0.7 / full 0.30,docs/sciti2/implementation-failure-evidence.md
C127,2026-09-19,wh_robotics,implementation failure,p_fail; p_partial; partial_fraction,Kroger–Ocado,,https://www.grocerydive.com/news/kroger-canceling-charlotte-cfc-closing-nashville-spoke-ecommerce-ocado/807167/,3 of 8 automated fulfilment centres closing Jan 2026; $2.6B in charges; 2.5–4.5 years after go-live.,ANEC,page or full text,late failure timing (2.5-4.5 yrs after go-live),P(fail) 0.15 / partial 0.55 @ 0.5-0.7 / full 0.30,docs/sciti2/implementation-failure-evidence.md
C128,2026-09-19,wh_robotics,implementation failure,p_fail; p_partial; partial_fraction,Walmart–Bossa Nova 2017–2020; Adidas Speedfactory 2016–2020,2017,https://techcrunch.com/2020/11/02/walmart-reportedly-ends-contract-with-inventory-robotics-startup-bossa-nova/,"Scaled to ~500 stores, then ended; factories closed after ~3 years.",ANEC,page or full text,context,P(fail) 0.15 / partial 0.55 @ 0.5-0.7 / full 0.30,docs/sciti2/implementation-failure-evidence.md
C129,2026-09-17,disruptions,disruption base rates,disruption rate and length (experiments),BCI Supply Chain Resilience Reports (2009-2018 trend; 2024),2009,https://www.thebci.org/resource/bci-supply-chain-resilience-report-2024.html,56-80% of firms have >=1 supply disruption a year; 1-5 a year for ~40-55% of firms,IND,snippet/abstract,base-rate anchor,rate 0.2 (realistic) / 0.4 (stress) per site-year; 65/27/8% length bands,docs/sciti2/evidence-table.md
C130,2026-09-17,disruptions,disruption base rates,disruption rate and length (experiments),"McKinsey Global Institute (2020), Risk, resilience, and rebalancing in global value chains",2020,https://www.mckinsey.com/capabilities/operations/our-insights/risk-resilience-and-rebalancing-in-global-value-chains,"A >=1-month disruption about every 3.7 years per company; ~45% of a year's EBITDA lost per decade (modelled). Used to calibrate: rate 0.2 per site-year is realistic, 0.4 a stress case",IND,snippet/abstract,base-rate anchor,rate 0.2 (realistic) / 0.4 (stress) per site-year; 65/27/8% length bands,docs/sciti2/evidence-table.md
C131,2026-09-17,disruptions,disruption base rates,disruption rate and length (experiments),Resilinc EventWatch 2018; factory-fires report,2018,https://resilinc.ai/learning-center/white-papers-reports/factory-fires-the-top-supply-chain-disruption/,Natural-disaster supplier-site recovery 19-25 weeks; 9% of factory fires cause >4 weeks downtime; fires ~10% of alerts,VND,snippet/abstract,base-rate anchor,rate 0.2 (realistic) / 0.4 (stress) per site-year; 65/27/8% length bands,docs/sciti2/evidence-table.md
C132,2026-09-17,disruptions,disruption base rates,disruption rate and length (experiments),"Matsuo (2015), IJPE 161; IEEE Spectrum on Renesas",2015,https://www.sciencedirect.com/science/article/abs/pii/S0925527314002278,Severe single-site event: ~13 weeks to restart,PR,snippet/abstract,base-rate anchor,rate 0.2 (realistic) / 0.4 (stress) per site-year; 65/27/8% length bands,docs/sciti2/evidence-table.md
C133,2026-09-19b,blockchain,cost,cost_one_time; cost_per_week,"ScienceSoft, Blockchain for supply chain (cost guide)",,https://www.scnsoft.com/blockchain/supply-chain,Join an existing network $50-150k one-time; enterprise deployments $0.5-1M+,VND,not recorded,cost range,"placeholder costs kept in catalog v2; per the v2 sensitivity screen cost matters only for control tower, APS, and ML",docs/sciti2/evidence-table.md
C134,2026-09-19b,blockchain,cost,cost_one_time,"Market Research Future, Blockchain supply chain market report",,https://www.marketresearchfuture.com/reports/blockchain-supply-chain-market-6702,Mid-tier manufacturers retrofitting legacy systems routinely exceed $500k,IND,not recorded,cost range,"placeholder costs kept in catalog v2; per the v2 sensitivity screen cost matters only for control tower, APS, and ML",docs/sciti2/evidence-table.md
C135,2026-09-19b,blockchain,cost,cost_per_week,IBM Blockchain Platform pricing as cited in arXiv 2009.07834,2020,https://arxiv.org/pdf/2009.07834,Small production setup ~$1.19/hr (~$10.4k/yr infrastructure); hosted node/platform $10-30k/yr,VND,not recorded,cost range,"placeholder costs kept in catalog v2; per the v2 sensitivity screen cost matters only for control tower, APS, and ML",docs/sciti2/evidence-table.md
C136,2026-09-19b,blockchain,cost,cost_one_time,"Growth Shuttle, blockchain supply chain cost-saving case studies",,https://growthshuttle.com/blockchain-supply-chain-cost-saving-case-studies/,SME ROI claimed in 18-24 months,VND,not recorded,context,"placeholder costs kept in catalog v2; per the v2 sensitivity screen cost matters only for control tower, APS, and ML",docs/sciti2/evidence-table.md
C137,2026-09-19b,rfid,cost,cost_per_week,"rfidnews.co.uk, How to calculate RFID tag cost per unit at scale",2026,https://www.rfidnews.co.uk/2026/08/02/how-to-calculate-rfid-tag-cost-per-unit-at-scale/,UHF labels $0.08-0.18 landed at 50k+ volume; $0.05-0.07 per inlay above 100k/yr,VND,not recorded,cost range (tag spend dominates running cost),"placeholder costs kept in catalog v2; per the v2 sensitivity screen cost matters only for control tower, APS, and ML; RFID running cost flagged as low for high-volume sites",docs/sciti2/evidence-table.md
C138,2026-09-19b,rfid,cost,cost_per_week,"JN RFID, passive UHF tag cost; KORONA POS, RFID tag cost",,https://jnrfid.com/passive-uhf-rfid-tag-cost-per-tag/ ; https://koronapos.com/blog/rfid-tag-cost/,"Tags ~$0.05 at >1M/yr; small site example: 10k tags $1,500 + reader $2,000 + install $7,500",VND,not recorded,cost range,"placeholder costs kept in catalog v2; per the v2 sensitivity screen cost matters only for control tower, APS, and ML",docs/sciti2/evidence-table.md
C139,2026-09-19b,rfid,cost,cost_one_time,"rfidcard.com, RFID reader cost 2025; RMS Omega, the cost of an RFID system",2025,https://www.rfidcard.com/how-much-does-an-rfid-reader-cost-in-2025/ ; https://rmsomega.com/the-cost-of-an-rfid-system/,"Handheld $300-1,500; fixed reader + antennas $1,500-3,000 per portal",VND,not recorded,cost range,"placeholder costs kept in catalog v2; per the v2 sensitivity screen cost matters only for control tower, APS, and ML",docs/sciti2/evidence-table.md
C140,2026-09-19b,rfid,cost,cost_one_time,"AssetPulse, RFID system cost; Vertical Systems, guide to RFID costs",,https://www.assetpulse.com/blog/rfid-system-cost ; https://vertsys.com/guide-to-rfid-costs/,Enterprise $100k-1M+; per-store rollout $15-50k,VND,not recorded,cost range,"placeholder costs kept in catalog v2; per the v2 sensitivity screen cost matters only for control tower, APS, and ML",docs/sciti2/evidence-table.md
C141,2026-09-19b,routing,cost,cost_one_time; cost_per_week,"Logistics Management (2014), State of TMS (ARC example)",2014,https://www.logisticsmgmt.com/article/supply_chain_technology_2014_state_of_tmscost_reductions_and_roi_continue_t,"$100M freight spend: $1-2M TMS investment, ~$8M/yr saved; TMS absorbs <10% of savings for ~60% of users",IND (secondary),not recorded,cost range (large shipper),"placeholder costs kept in catalog v2; per the v2 sensitivity screen cost matters only for control tower, APS, and ML",docs/sciti2/evidence-table.md
C142,2026-09-19b,routing,cost,cost_per_week,"Shipwell, TMS software price",,https://www.shipwell.com/blog/tms-software-price,SaaS TMS $50-500 per user per month; 5-year TCO often 2-3x licence,VND,not recorded,cost range,"placeholder costs kept in catalog v2; per the v2 sensitivity screen cost matters only for control tower, APS, and ML",docs/sciti2/evidence-table.md
C143,2026-09-19b,routing,cost,cost_per_week,"SmartRoutes, route optimization software cost; Routific pricing",,https://smartroutes.io/blogs/route-optimization-software-cost/ ; https://www.routific.com/pricing,"SMB routing SaaS $25-89 per vehicle per month; Routific $150/month per 1,000 orders",VND,not recorded,cost range (small fleet),"placeholder costs kept in catalog v2; per the v2 sensitivity screen cost matters only for control tower, APS, and ML",docs/sciti2/evidence-table.md
C144,2026-09-19b,wh_robotics,cost,cost_one_time,"Kardex (2024), How much does AutoStore cost?",2024,https://www.kardex.com/en-us/blog/how-much-does-autostore-cost,$1M small to $50M+; typical $3-6M; payback 2-3 years,VND,not recorded,cost range (mid DC ~$4M),"placeholder costs kept in catalog v2; per the v2 sensitivity screen cost matters only for control tower, APS, and ML",docs/sciti2/evidence-table.md
C145,2026-09-19b,wh_robotics,cost,cost_one_time; cost_per_week,"Layer3 Labs (2026), robotics-as-a-service; Robotomated (2026), warehouse robot cost guide",2026,https://www.layer3labs.io/robotics/robotics-as-a-service ; https://robotomated.com/learn/cost/warehouse-robot-cost-guide,AMR $25-50k each or $2-4k per robot per month; GTP workstation $100-500k; 20k-SKU GTP $2-10M; payback 18-36 months,VND (secondary),not recorded,cost range,"placeholder costs kept in catalog v2; per the v2 sensitivity screen cost matters only for control tower, APS, and ML",docs/sciti2/evidence-table.md
C146,2026-09-19b,wh_robotics,cost,cost_one_time,"Logistics Navigators, Ocado technology and the economics of automated fulfilment",,https://www.logisticsnavigators.com/startup-corner/ocado-technology-and-the-economics-of-building-a-fully-automated-fulfillment-network,Large CFC capex $200-300M; >600 UPH vs 60-80 manual,ANEC,not recorded,cost range (hyperscale),"placeholder costs kept in catalog v2; per the v2 sensitivity screen cost matters only for control tower, APS, and ML",docs/sciti2/evidence-table.md
C147,2026-09-19b,ml_forecast,cost,cost_one_time; cost_per_week,"Vendor/aggregator pricing pages for demand planning software (datup.ai, horizonsolutions.ai, shivlab.com, saasworthy)",,,"Enterprise $200-500k+/yr (large $0.5-2M/yr); mid-market $50-150k/yr; SMB $5-10k/yr; implementation 0.75-1.25x licence, $100-300k typical, 3-18 months",VND,snippet/abstract,cost range,"placeholder costs kept in catalog v2; per the v2 sensitivity screen cost matters only for control tower, APS, and ML",docs/sciti2/evidence-table.md
C148,2026-09-19b,control_tower,cost,cost_one_time; cost_per_week,"pricingnow.com, control tower SaaS pricing (citing Gartner's 1-3x licence implementation rule)",,,$10-25k/yr (1 user) to $200-500k+/yr (100 users); large platforms $0.5-2M/yr; implementation 1-3x first-year licence; enterprise programs $0.5-3M one-time,VND,page or full text,cost range,"placeholder costs kept in catalog v2; per the v2 sensitivity screen cost matters only for control tower, APS, and ML",docs/sciti2/evidence-table.md
C149,2026-09-19b,control_tower,cost,cost_per_week,"FourKites/project44 pricing as reported by fareye.com, locus.sh, tradlinx",,,FourKites enterprise from ~$75k/yr; project44 quote-only,VND,snippet/abstract,cost range,"placeholder costs kept in catalog v2; per the v2 sensitivity screen cost matters only for control tower, APS, and ML",docs/sciti2/evidence-table.md
C150,2026-09-19b,aps,cost,cost_one_time; cost_per_week,"User Solutions, scheduling software cost guide",,https://usersolutions.com/blog/scheduling-software-cost,Mid-market licence $50-200k one-time; services $30-100k; enterprise 2-3x licence; SaaS ~$4-20k/month,IND (vendor-adjacent),not recorded,cost range,"placeholder costs kept in catalog v2; per the v2 sensitivity screen cost matters only for control tower, APS, and ML",docs/sciti2/evidence-table.md
C151,2026-09-19b,aps,cost,cost_one_time,"ITQlick APS pricing; DecisionBrain (2026), APS software statistics",2026,https://www.itqlick.com/aps-advanced-planning-and-scheduling/pricing ; https://decisionbrain.com/aps-software-statistics-2026/,Mid-size deployment + customisation can exceed $500k; 76% of large firms have some APS; VDMA: 47% face APS-ERP data inconsistencies,IND (secondary),not recorded,cost range,"placeholder costs kept in catalog v2; per the v2 sensitivity screen cost matters only for control tower, APS, and ML",docs/sciti2/evidence-table.md
C152,2026-09-19b,risk_intel,cost,cost_per_week,"GetApp, Resilinc pricing",,https://www.getapp.com/operations-management-software/a/resilinc/pricing/,"From ~$1,400 per feature per month (~$17k/yr per module); realistic starter $50-100k/yr",VND,not recorded,cost range,"placeholder costs kept in catalog v2; per the v2 sensitivity screen cost matters only for control tower, APS, and ML; placeholder one-time cost flagged as high for a subscription",docs/sciti2/evidence-table.md
C153,2026-09-19b,risk_intel,cost,cost_per_week,"Vendr marketplace, Sphera (riskmethods) spend data",,https://www.vendr.com/marketplace/sphera,"Actual spend: SMB average $35,045/yr; enterprise average $261,060/yr (all Sphera products)",IND (transaction data),not recorded,cost range,"placeholder costs kept in catalog v2; per the v2 sensitivity screen cost matters only for control tower, APS, and ML",docs/sciti2/evidence-table.md
C154,2026-09-19b,risk_intel,cost,cost_per_week,Interos on AWS Marketplace; Gartner Market Guide for Supplier Risk Management Solutions,,https://aws.amazon.com/marketplace/pp/prodview-h3m3irdg7bika ; https://www.gartner.com/en/documents/4996831,Quote-based; enterprise platforms six to seven figures a year,VND / IND (paywalled),snippet/abstract,cost range,"placeholder costs kept in catalog v2; per the v2 sensitivity screen cost matters only for control tower, APS, and ML",docs/sciti2/evidence-table.md
C155,2026-09-19b,routing,effect size,ship_cost_mult; co2_mult,"Routing on-road heavy vehicles for alleviating GHG emissions (2021), Cleaner Logistics and Supply Chain (field case)",2021,https://www.sciencedirect.com/science/article/pii/S2666790821002858,"-4.8% distance, -14% time, -10.8% fuel vs existing routes (municipal heavy-vehicle fleet)",PR (small),not recorded,own-fleet CO2 anchor,0.92 kept; co2 0.94 (was 0.90),research helper report (not in a write-up)
C156,2026-09-19b,wh_robotics,effect size,handling_cost_per_unit x,MHI / Deloitte Annual Industry Report 2025-2026,2025,https://www.mhi.org/annual-industry-reports,"45% plan to buy AGV/AS-RS/robotics within 3 years, 83% within 5; no effect sizes",IND,not recorded,context (adoption),0.8 kept; -0.6 day (was -1.0),research helper report (not in a write-up)
C157,2026-09-19b,blockchain,effect size,defect_mult,"Kezzler in Food Logistics, How strong traceability programs reduce risks of food recalls",,https://www.foodlogistics.com/safety-security/food-safety/article/22184349/kezzler-how-strong-traceability-programs-reduce-risks-of-food-recalls,Average recall ~$10M; wide-net recalls cost 3-5x a targeted recall (unsourced averages; traceability in general),VND,not recorded,"context (recall scope, not defects)","0.82 (was 0.60); LOW 0.95-1.0, HIGH 0.65",research helper report (not in a write-up)
C158,2026-09-19b,blockchain,effect size,defect_mult,"McKinsey (2017), Blockchain technology for supply chains: a must or a maybe?",2017,https://www.mckinsey.com/capabilities/operations/our-insights/blockchain-technology-for-supply-chainsa-must-or-a-maybe,Pilots have not proven the technology's unique value; traceability can be solved in other ways,IND,not recorded,context (realisation risk),"0.82 (was 0.60); LOW 0.95-1.0, HIGH 0.65",research helper report (not in a write-up)
C159,2026-09-19b,rfid,effect size,record_error_sd x,"University of Arkansas RFID Research Center news (2008), RFID improves inventory accuracy",2008,https://news.uark.edu/articles/11238/rfid-improves-inventory-accuracy-university-of-arkansas-study-finds,Origin of the widely repeated '65% to 95%' accuracy figure (with Hardgrave's talks); Macy's and Zara figures are company statements,ANEC,not recorded,provenance of a repeated number,0.2 kept (0.25 at stores); shrink 0.8 (was 0.5),research helper report (not in a write-up)
C160,2026-09-19b,ml_forecast,effect size,forecast_skill,"Spiliotis, Makridakis, Semenoglou & Assimakopoulos (2022), Comparison of statistical and ML methods for daily SKU demand forecasting, Operational Research 22:3037-3061",2022,https://link.springer.com/article/10.1007/s12351-020-00605-2,"Global ML methods beat statistical benchmarks on daily SKU data; gains concentrated on fast movers, small for intermittent SKUs",PR,snippet/abstract,context (supports the store-level LOW),"0.3 at DC/MFG, 0.1 at stores (was 0.3 everywhere)",research helper report (not in a write-up)
C161,2026-09-19b,ml_forecast,effect size,forecast_skill,"Walmart AI forecasting claims (third-party case write-ups, e.g. TSG Strategy)",,https://www.tsgstrategy.com/assets/casestudies/casestudy_walmart.pdf,Store-SKU weekly error ~30% to 15-20%; holiday in-stock 92% to 98% (third-party estimates),ANEC (unverified),snippet/abstract,HIGH anchor (weak),"0.3 at DC/MFG, 0.1 at stores (was 0.3 everywhere)",research helper report (not in a write-up)
C162,2026-09-19b,control_tower,effect size,visibility,"Goncalves & Moshtari (2021), The impact of information visibility on ordering dynamics, System Dynamics Review 37:126-154",2021,https://onlinelibrary.wiley.com/doi/full/10.1002/sdr.1687,Visibility makes subjects react less aggressively to own inventory gaps and weight the supply line more; effect larger upstream,PR,snippet/abstract,context (larger upstream),"0.6 (was 1.0); LOW 0.25-0.35, HIGH 0.85-0.95",research helper report (not in a write-up)
C163,2026-09-19b,control_tower,effect size,visibility,Sears/Michelin and Wegmans/Nabisco VICS CPFR pilots (Supermarket News and secondary summaries),,https://www.supermarketnews.com/archive/scoping-out-cpfr,"Sears/Michelin: inventory -25%, in-stock +4.3%; Wegmans/Nabisco: inventory -17.7%, store service 93% to 97%",ANEC,snippet/abstract,HIGH-side context (pilots),"0.6 (was 1.0); LOW 0.25-0.35, HIGH 0.85-0.95",research helper report (not in a write-up)
C164,2026-09-19b,aps,effect size,capacity_mult,"Siemens Opcenter blog, Proform; ATS/Koch Foods case study",,https://blogs.sw.siemens.com/opcenter/proform-manages-diverse-scheduling-demands-to-boost-efficiency-by-87/ ; https://lean-scheduling.com/case-studies/koch-foods-opcenter-production-planning-scheduling-case-study/,Proform '+87% efficiency' (metric undefined; unusable); Koch Foods runs plants at 95-100% of capacity after Opcenter,VND / ANEC,not recorded,rejected as unusable,"+0.08 kept; LOW +0.03, HIGH +0.15",research helper report (not in a write-up)
C165,2026-09-19b,risk_intel,effect size,recovery_weeks_saved,Resilinc COVID supplier survey via Retail Dive (2021),2021,https://www.retaildive.com/news/snow-severe-weather-suppliers-manufacturing-disruption-resilinc/617056,Suppliers disrupted an average of 3.3 weeks at that point (April 2020),VND,not recorded,context (outage length),"min(2 weeks, 25% of outage); warning 0.3; lead 2 weeks",research helper report (not in a write-up)
C166,2026-09-19b,blockchain,implementation failure,p_fail,Deloitte Global Blockchain Survey 2019/2020,2020,https://www.prnewswire.com/news-releases/deloittes-2020-global-blockchain-survey-nearly-40-of-respondents-have-blockchain-in-production-affirming-blockchains-maturity-as-a-true-strategic-priority-301077732.html,"23% (2019) to 39% (2020) of respondents have blockchain in production; n=1,488 executives at firms already engaged with blockchain (selection bias; per firm, not supply chain)",IND,page or full text,upper bound on success,P(fail) 0.65 / partial 0.25 @ 0.3-0.5 / full 0.10; platform death 0.4-0.6 over 5 yrs,research helper report (not in a write-up)
C167,2026-09-19b,blockchain,implementation failure,p_fail,"CAICT (He Baohong), speech reported by China Money Network (2018)",2018,https://www.chinamoneynetwork.com/2018/05/28/chinese-official-says-blockchain-projects-globally-had-average-life-span-of-1-22-years,"8% of 80,000+ projects alive; mean lifespan 1.22 years. Almost certainly the same GitHub data as Deloitte 2017: not an independent source",IND,snippet/abstract,duplicate of Deloitte GitHub; do not double count,P(fail) 0.65 / partial 0.25 @ 0.3-0.5 / full 0.10; platform death 0.4-0.6 over 5 yrs,research helper report (not in a write-up)
C168,2026-09-19b,blockchain,implementation failure,platform death,"S&P Global Market Intelligence (2022), Trade finance industry remains hopeful on blockchain despite failed projects (we.trade)",2022,https://www.spglobal.com/market-intelligence/en/news-insights/articles/2022/10/trade-finance-industry-remains-hopeful-on-blockchain-despite-failed-projects-72557910,"we.trade (12 banks + IBM) founded 2017-18, insolvent June 2022 (~4 years)",ANEC,snippet/abstract,platform-death hazard,P(fail) 0.65 / partial 0.25 @ 0.3-0.5 / full 0.10; platform death 0.4-0.6 over 5 yrs,research helper report (not in a write-up)
C169,2026-09-19b,rfid,implementation failure,p_fail,"Auburn RFID Lab, JCPenney RFID initiative white paper; Hardgrave, Key considerations for RFID pilots and deployments",,https://rfid.auburn.edu/papers/documents/KeyConsiderationsRFIDPilotsDeployments.pdf,Apparel pilots lift accuracy ~65% to 95%+; pilots that never scale are discussed without counts,PR-adjacent (sponsored),not recorded,context,P(fail) 0.20 / partial 0.40 @ 0.5-0.7 / full 0.40,research helper report (not in a write-up)
C170,2026-09-19b,rfid,implementation failure,p_partial (mandated followers),"A tough pill to swallow? The lessons learned from mandatory RFID adoption (2023), Int. J. Production Economics",2023,https://www.sciencedirect.com/science/article/abs/pii/S0925527323000439,Mandated suppliers often see little benefit of their own. Title only (403): retrieve through the ASU library,PR,title only,to read: mandated-follower pattern,mandated supplier: ~0.25 discontinue; 0.60 comply minimally @ 0.1-0.3 of own benefit,research helper report (not in a write-up)
C171,2026-09-19b,rfid,implementation failure,p_partial,"Shin & Eksioglu (2015), An empirical study of RFID productivity in the U.S. retail supply chain, IJPE",2015,https://www.sciencedirect.com/science/article/abs/pii/S092552731500050X,"Firm-level productivity effects of RFID. Title only, not read",PR,title only,to read,P(fail) 0.20 / partial 0.40 @ 0.5-0.7 / full 0.40,research helper report (not in a write-up)
C172,2026-09-19b,wh_robotics,implementation failure,p_fail,MHI/Deloitte Annual Industry Report 2025; Peerless Research automation survey via Modern Materials Handling,2025,https://www.mmh.com/article/2025_industry_outlook_survey_warehouse_automation_comes_into_full_focus,"Barriers: budget 41%, cost/ROI 40% (Peerless); hiring 52% and talent 45% 'extremely challenging' (MHI). Barriers to adopting, not outcomes",IND,snippet/abstract,context (SMEs mostly do not adopt),P(fail) 0.15 / partial 0.55 @ 0.5-0.7 / full 0.30,research helper report (not in a write-up)
C173,2026-09-19b,wh_robotics,implementation failure,p_fail,"Interact Analysis, Complexity not cost is the barrier to automation",,https://interactanalysis.com/insight/complexity-not-cost-barrier-to-automation/,Complexity is the leading barrier; project orders fell 3% in 2024,IND,not recorded,context,P(fail) 0.15 / partial 0.55 @ 0.5-0.7 / full 0.30,research helper report (not in a write-up)
C174,2026-09-19b,wh_robotics,implementation failure,catastrophic loss,"Ocado warehouse fires: Andover (Feb 2019), Erith (Jul 2021)",2019,,Andover site destroyed (~GBP100M+); Erith fire from a robot collision. Rare catastrophic-loss events,"ANEC (from memory, unverified)",memory,tail risk (not modelled),P(fail) 0.15 / partial 0.55 @ 0.5-0.7 / full 0.30,research helper report (not in a write-up)
C175,2026-09-19b,routing,implementation failure,p_fail; p_partial,ARC Advisory Group TMS market study via Logistics Management,,https://www.logisticsmgmt.com/article/supply_chain_and_logistics_technology_8_trends_driving_tms_adoption,"63% of users say freight costs would rise 5%+ without their TMS; 23% say 10%+. Survivors only: shows benefit of successes, not the failure rate",IND,not recorded,context (survivor bias),P(fail) 0.15 / partial 0.50 @ 0.5-0.7 / full 0.35 (borrowed),docs/sciti2/implementation-failure-evidence.md
C176,2026-09-19b,routing,implementation failure,p_partial,"Waste360, challenges can prohibit routing software adoption; Kardinal, the paradox of route optimization",,https://www.waste360.com/route-optimization/challenges-can-prohibit-routing-software-adoption-despite-innovations ; https://kardinal.ai/the-paradox-of-route-optimization-when-theory-collides-with-real-world-operations/,Drivers and dispatchers override planned routes; software goes unused after go-live. No percentages,VND / ANEC,not recorded,partial-success mechanism (shelfware),P(fail) 0.15 / partial 0.50 @ 0.5-0.7 / full 0.35 (borrowed),docs/sciti2/implementation-failure-evidence.md
C177,2026-09-19b,routing,implementation failure,p_fail,"Panorama Consulting, Top reasons for TMS failure",,https://www.panorama-consulting.com/top-reasons-for-tms-failure/,Qualitative causes only,VND,not recorded,context,P(fail) 0.15 / partial 0.50 @ 0.5-0.7 / full 0.35 (borrowed),research helper report (not in a write-up)
C178,2026-09-19b,all,implementation failure,p_partial,"PwC (2025), Digital Trends in Operations Survey",2025,https://www.pwc.com/us/en/services/consulting/supply-chain-operations/digital-supply-chain-survey.html,"92% cite at least one reason supply chain tech investments have not fully delivered; integration complexity 47%, data issues 44%. Often misread as '92% failed'",IND,not recorded,general prior (full success is rare); causes for the small-firm scaling,general priors: BCG 30/44/26; Standish 31/50/19; 56% less value; fat-tailed overruns,research helper report (not in a write-up)
C179,2026-09-19b,ml_forecast,implementation failure,p_fail,"MIT SMR / BCG (2019), Winning with AI",2019,https://sloanreview.mit.edu/projects/winning-with-ai/,"7 in 10 report minimal or no impact from AI; fewer than 2 in 5 of those investing report gains (~2,500 executives)",IND,not recorded,context,P(fail) 0.45 / partial 0.35 @ 0.5 / full 0.20,research helper report (not in a write-up)
C180,2026-09-19b,all,implementation failure,p_partial,"Gartner (May 2025), 60% of supply chain digital adoption efforts will fail to deliver promised value by 2028",2025,https://www.gartner.com/en/newsroom/press-releases/2025-05-07-gartner-predicts-60-percent-of-supply-chain-digital-adoption-efforts-will-fail-to-deliver-promised-value-by-2028,"A prediction (n=579 practitioners surveyed), not a measurement",IND (forecast),page or full text,context; do not use as a rate,general priors: BCG 30/44/26; Standish 31/50/19; 56% less value; fat-tailed overruns,research helper report (not in a write-up)
C181,2026-09-19b,ml_forecast,implementation failure,p_fail,"Gartner (June 2025), just 23% of supply chain organizations have a formal AI strategy",2025,https://www.gartner.com/en/newsroom/2025-06-11-gartner-survey-shows-just-23-percent-of-supply-chain-organizations-have-a-formal-ai-strategy,23% have a formal AI strategy; a related survey finds 55% of supply chain chiefs unclear on AI returns,IND,snippet/abstract,context (maturity),P(fail) 0.45 / partial 0.35 @ 0.5 / full 0.20,research helper report (not in a write-up)
C182,2026-09-19b,ml_forecast,implementation failure,p_partial,"Fildes et al. (2024/25), Forecast value added in demand planning, IJF (citing Fildes & Goodwin 2007; Fildes & Petropoulos 2015)",2024,https://www.sciencedirect.com/science/article/pii/S0169207024000736,On average ~37%+ of statistical forecasts are judgmentally adjusted; field studies up to 90%,PR,snippet/abstract,partial-success mechanism (overrides),P(fail) 0.45 / partial 0.35 @ 0.5 / full 0.20,research helper report (not in a write-up)
C183,2026-09-19b,aps,implementation failure,p_partial,"Jonsson, Kjellsdotter & Rudberg (2007), Applying APS for supply chain planning: three case studies, IJPDLM",2007,https://publications.lib.chalmers.se/records/fulltext/66897/local_66897.pdf,Three cases of APS in practice; problems of use after go-live,PR (cases),not recorded,context,P(fail) 0.15 / partial 0.50 @ 0.45 / full 0.35,research helper report (not in a write-up)
C184,2026-09-19b,aps,implementation failure,p_partial,"Zoryk-Schalla, Fransoo & de Kok (2004), Modeling the planning process in advanced planning systems, Information & Management",2004,https://www.sciencedirect.com/science/article/abs/pii/S0378720604000072,Hierarchical planning is very hard to capture in APS; models reworked during implementation (single case),PR,snippet/abstract,context,P(fail) 0.15 / partial 0.50 @ 0.45 / full 0.35,research helper report (not in a write-up)
C185,2026-09-19b,aps,implementation failure,p_fail; p_partial,Panorama Consulting ERP reports (archive; 2023 n=183),2023,https://www.panorama-consulting.com/resource-center/erp-report-archives/,81% realised some benefits; of those 41% under half the expected benefits; 16% no measurable benefit (ERP proxy for APS),IND (self-selected),snippet/abstract,MID support (16% no benefit),P(fail) 0.15 / partial 0.50 @ 0.45 / full 0.35,research helper report (not in a write-up)
C186,2026-09-19b,risk_intel,implementation failure,p_partial,BCI Supply Chain Resilience Reports 2023 and 2024,2024,https://www.thebci.org/resource/bci-supply-chain-resilience-report-2024.html,Share analysing critical suppliers to tier 4+ rose 3.7% to 17.1%; 24.1% had tier-2 disruptions; the 'map but don't use' share is gated,IND,snippet/abstract,context,P(fail) 0.30 / partial 0.45 @ 0.35 / full 0.25,research helper report (not in a write-up)
C187,2026-09-19b,risk_intel,implementation failure,p_partial,"IT-operations alert-fatigue vendor survey (2026), as an analogue",2026,,57% say fewer than 30% of alerts are actionable; 83% ignore alerts at least occasionally. No supply-chain-specific data exists,VND,snippet/abstract,analogue only,P(fail) 0.30 / partial 0.45 @ 0.35 / full 0.25,research helper report (not in a write-up)
C188,2026-09-19b,control_tower,implementation failure,p_partial,McKinsey supply chain pulse surveys 2021-2025 (tier visibility),2024,https://www.mckinsey.com/capabilities/operations/our-insights/supply-chain-risk-survey-2024,Tier-1 visibility ~95%; tier-2+ ~42% and falling in 2023-24; only 2% had tier-3+ visibility in 2021: multi-party visibility decays,IND,snippet/abstract,multi-party scaling (coverage decays),P(fail) 0.25 / partial 0.50 @ 0.4 / full 0.25,research helper report (not in a write-up)
C189,2026-09-19b,control_tower,implementation failure,p_partial,"Supermarket News (2003), Sizing up CPFR; Industry Directions survey (n=130)",2003,https://www.supermarketnews.com/independents-regional-grocers/sizing-up-cpfr,"Only 6% listed CPFR as a high IT priority; 68% piloting, researching, or preparing",IND,snippet/abstract,multi-party scaling (pilots rarely scale),P(fail) 0.25 / partial 0.50 @ 0.4 / full 0.25,research helper report (not in a write-up)
C190,2026-09-19b,risk_intel,effect size,recovery_weeks_saved,Resilinc EventWatch 2021 press release,2021,https://resilinc.ai/press-release/supply-chain-disruptions-up-88-in-2021-with-factory-fires-taking-top-spot-contributing-to-record-breaking-supply-shortages/,"11,642 alerts; fires 1,946 (17%); 60% of alerts triggered WarRooms; 90% of events 'human-caused'",VND,not recorded,warning-share context,"min(2 weeks, 25% of outage); warning 0.3; lead 2 weeks",docs/sciti2/risk-intel-evidence-and-sensitivity.md
